-- phpMyAdmin SQL Dump
-- version 5.1.1
-- https://www.phpmyadmin.net/
--
-- Host: 127.0.0.1
-- Generation Time: Dec 01, 2021 at 12:23 PM
-- Server version: 10.4.22-MariaDB
-- PHP Version: 8.0.13

SET SQL_MODE = "NO_AUTO_VALUE_ON_ZERO";
START TRANSACTION;
SET time_zone = "+00:00";


/*!40101 SET @OLD_CHARACTER_SET_CLIENT=@@CHARACTER_SET_CLIENT */;
/*!40101 SET @OLD_CHARACTER_SET_RESULTS=@@CHARACTER_SET_RESULTS */;
/*!40101 SET @OLD_COLLATION_CONNECTION=@@COLLATION_CONNECTION */;
/*!40101 SET NAMES utf8mb4 */;

--
-- Database: `week`
--

-- --------------------------------------------------------

--
-- Table structure for table `categories`
--

CREATE TABLE `categories` (
  `id` bigint(20) UNSIGNED NOT NULL,
  `name_fa` varchar(32) COLLATE utf8mb4_unicode_ci NOT NULL,
  `name_en` varchar(32) COLLATE utf8mb4_unicode_ci NOT NULL,
  `slug` varchar(64) COLLATE utf8mb4_unicode_ci NOT NULL,
  `created_at` timestamp NULL DEFAULT NULL,
  `updated_at` timestamp NULL DEFAULT NULL
) ENGINE=InnoDB DEFAULT CHARSET=utf8mb4 COLLATE=utf8mb4_unicode_ci;

--
-- Dumping data for table `categories`
--

INSERT INTO `categories` (`id`, `name_fa`, `name_en`, `slug`, `created_at`, `updated_at`) VALUES
(1, 'آبمیوه', 'Juice', 'Juice', '2021-12-01 02:38:42', '2021-12-01 02:38:42'),
(2, 'بیسکویت', 'Biscuit', 'Biscuit', '2021-12-01 02:38:42', '2021-12-01 02:38:42'),
(3, 'تافی', 'Toffee', 'Toffee', '2021-12-01 02:38:42', '2021-12-01 02:38:42'),
(4, 'کیک', 'Cake', 'Cake', '2021-12-01 02:38:42', '2021-12-01 02:38:42'),
(5, 'ویفر', 'Wafer', 'Wafer', '2021-12-01 02:38:42', '2021-12-01 02:38:42');

-- --------------------------------------------------------

--
-- Table structure for table `comments`
--

CREATE TABLE `comments` (
  `id` bigint(20) UNSIGNED NOT NULL,
  `parent_id` bigint(20) UNSIGNED DEFAULT NULL,
  `locale` varchar(2) COLLATE utf8mb4_unicode_ci NOT NULL DEFAULT 'fa',
  `product_id` bigint(20) UNSIGNED NOT NULL,
  `body` text COLLATE utf8mb4_unicode_ci NOT NULL COMMENT 'Length is 256',
  `approved` tinyint(1) NOT NULL DEFAULT 0,
  `read_at` timestamp NULL DEFAULT NULL,
  `created_at` timestamp NULL DEFAULT NULL,
  `updated_at` timestamp NULL DEFAULT NULL
) ENGINE=InnoDB DEFAULT CHARSET=utf8mb4 COLLATE=utf8mb4_unicode_ci;

--
-- Dumping data for table `comments`
--

INSERT INTO `comments` (`id`, `parent_id`, `locale`, `product_id`, `body`, `approved`, `read_at`, `created_at`, `updated_at`) VALUES
(1, NULL, 'fa', 24, 'محصول خوبی بود', 1, '2021-12-01 03:17:13', '2021-12-01 03:15:00', '2021-12-01 07:20:20'),
(2, NULL, 'fa', 23, 'قیمت ها عالیه', 1, '2021-12-01 07:20:25', '2021-12-01 03:15:24', '2021-12-01 07:20:26'),
(3, NULL, 'fa', 24, 'کیفیت محصول خوب نیست', 1, '2021-12-01 07:21:53', '2021-12-01 07:21:36', '2021-12-01 07:21:53'),
(4, NULL, 'fa', 24, 'بهترین کیفیت', 0, NULL, '2021-12-01 07:22:42', '2021-12-01 07:22:42'),
(5, 1, 'fa', 24, 'تشکر از دیدگاهتون', 1, '2021-12-01 07:25:33', '2021-12-01 07:25:33', '2021-12-01 07:25:33');

-- --------------------------------------------------------

--
-- Table structure for table `contacts`
--

CREATE TABLE `contacts` (
  `id` bigint(20) UNSIGNED NOT NULL,
  `parent_id` bigint(20) UNSIGNED DEFAULT NULL,
  `locale` varchar(2) COLLATE utf8mb4_unicode_ci NOT NULL DEFAULT 'fa',
  `name` varchar(32) COLLATE utf8mb4_unicode_ci NOT NULL,
  `email` varchar(128) COLLATE utf8mb4_unicode_ci NOT NULL,
  `subject` varchar(64) COLLATE utf8mb4_unicode_ci NOT NULL,
  `body` text COLLATE utf8mb4_unicode_ci NOT NULL COMMENT 'Length is 512',
  `read_at` timestamp NULL DEFAULT NULL,
  `created_at` timestamp NULL DEFAULT NULL,
  `updated_at` timestamp NULL DEFAULT NULL
) ENGINE=InnoDB DEFAULT CHARSET=utf8mb4 COLLATE=utf8mb4_unicode_ci;

--
-- Dumping data for table `contacts`
--

INSERT INTO `contacts` (`id`, `parent_id`, `locale`, `name`, `email`, `subject`, `body`, `read_at`, `created_at`, `updated_at`) VALUES
(1, NULL, 'fa', 'سارا فرهادی', 'sara@yahoo.com', 'شرایط نمایندگی', 'در کنار روش‌ های که در بالا برای ارتباط با ویک در نظر گرفته‌ایم، شما همچنین می‌توانید از طریق این فرم پیام خود را برای ما ارسال کنید, لطفا ایمیلی معتبر وارد نمایید تا درصورت پاسخ ما به آن دسترسی داشته باشید, یا میتوانید علاوه بر ایمیل تلفنی در متن پیام قرار دهید تا در صورت لزوم با شما تماس گرفته شود.', NULL, '2021-12-01 03:18:23', '2021-12-01 03:18:23');

-- --------------------------------------------------------

--
-- Table structure for table `employments`
--

CREATE TABLE `employments` (
  `id` bigint(20) UNSIGNED NOT NULL,
  `first_name` varchar(32) COLLATE utf8mb4_unicode_ci NOT NULL,
  `last_name` varchar(32) COLLATE utf8mb4_unicode_ci NOT NULL,
  `code` varchar(10) COLLATE utf8mb4_unicode_ci NOT NULL COMMENT 'National Code',
  `year` varchar(4) COLLATE utf8mb4_unicode_ci NOT NULL COMMENT 'Year of Birth',
  `gender` tinyint(1) NOT NULL COMMENT '0 is [Female] and 1 is [Male]',
  `marital_status` tinyint(1) NOT NULL COMMENT '0 is [Single] and 1 is [Married]',
  `father_job` varchar(32) COLLATE utf8mb4_unicode_ci DEFAULT NULL,
  `military_status` enum('0','1','2','3','4') COLLATE utf8mb4_unicode_ci NOT NULL DEFAULT '0' COMMENT '0 is [Female] and 1 is I [Have an end of service card] and 2 is [I have not served] and 3 id [Bail Exemption] and 4 is [medical Exemption]',
  `education` enum('1','2','3','4') COLLATE utf8mb4_unicode_ci NOT NULL COMMENT '1 is [Cycle] and 2 is [Diploma] and 3 is [Associate Degree] and 4 is [Expert]',
  `field` varchar(32) COLLATE utf8mb4_unicode_ci DEFAULT NULL,
  `willingness_work` enum('1','2','3','4','5','6','7') COLLATE utf8mb4_unicode_ci NOT NULL COMMENT '1 is [Production] and 2 is [Official] and 3 is [Services] and 4 is [Transportation] and 5 is [Marketing] and 6 is [Quality control] and 7 is [Designing]',
  `name_guarantor` varchar(32) COLLATE utf8mb4_unicode_ci DEFAULT NULL,
  `work_experience` tinyint(1) NOT NULL COMMENT '0 is [No] and 1 is [Yes]',
  `work_experience_description` text COLLATE utf8mb4_unicode_ci DEFAULT NULL COMMENT 'Length is 512',
  `mobile` varchar(11) COLLATE utf8mb4_unicode_ci NOT NULL,
  `phone` varchar(11) COLLATE utf8mb4_unicode_ci NOT NULL COMMENT 'Landline phone',
  `address` text COLLATE utf8mb4_unicode_ci DEFAULT NULL COMMENT 'Length is 128',
  `photo_path` varchar(255) COLLATE utf8mb4_unicode_ci NOT NULL,
  `read_at` timestamp NULL DEFAULT NULL,
  `created_at` timestamp NULL DEFAULT NULL,
  `updated_at` timestamp NULL DEFAULT NULL
) ENGINE=InnoDB DEFAULT CHARSET=utf8mb4 COLLATE=utf8mb4_unicode_ci;

--
-- Dumping data for table `employments`
--

INSERT INTO `employments` (`id`, `first_name`, `last_name`, `code`, `year`, `gender`, `marital_status`, `father_job`, `military_status`, `education`, `field`, `willingness_work`, `name_guarantor`, `work_experience`, `work_experience_description`, `mobile`, `phone`, `address`, `photo_path`, `read_at`, `created_at`, `updated_at`) VALUES
(1, 'عطا', 'ضمیری ملکی', '1360530460', '1369', 1, 1, 'بازنشسته سیمان صوفیان', '0', '4', 'برق قدرت', '6', 'سجادضمیری ملکی', 1, 'شرکت سیلوان قسمت کنترل کیفی', '09147625196', '09147625196', 'رسالت کوی برنجیان کوچه نجفی پور ساختمان بیتا', '001.jpg', '2021-12-01 02:41:23', '2018-04-24 09:29:10', '2018-04-24 09:29:10'),
(2, 'وحید', 'پورمناف', '1361296380', '1372', 1, 0, 'بازنشسته', '0', '4', 'IT', '2', 'اصغر پورمناف', 1, 'تولیدی سان ناز', '09147397585', '09147397585', 'تبریز خیابان قدس کوچه شهید نجفی پور پلاک 14', 'IMG_0001_1.jpg', '2021-12-01 02:41:23', '2018-04-24 09:29:10', '2018-04-24 09:29:10'),
(3, 'میرمهدی', 'گلدوست', '1360583807', '1369', 1, 0, 'آزاد', '0', '4', 'مهندسی فناوری اطلاعات(IT)', '2', '', 1, 'در دوران خدمت سربازی در معاونت نیرو به عنوان دفتردار خدمت نموده ام.', '09379949892', '04132361480', 'آ.ش-تبریز-خ مفتح کوی شهید شریفی کوچه امیرپور پ 35', 'scan0004.jpg', '2021-12-01 02:41:23', '2018-05-05 09:29:10', '2018-05-05 09:29:10'),
(4, 'حمید', 'باغبانی', '0921238312', '1369', 1, 0, 'بازنشسته', '0', '4', 'برق', '1', '', 1, 'پرسنل برق.چین چین.', '09354644580', '09354644580', 'تبریز..خیابان لاله', '20180505_172816.jpg', '2021-12-01 02:41:23', '2018-05-05 09:29:10', '2018-05-05 09:29:10'),
(5, 'مهری', 'ناری یوسف آباد', '1378268539', '1359', 0, 1, '', '0', '2', 'علوم انسانی', '1', 'آقای خطایی', 1, 'کارخانه شیرین میهن نوش سپید - 7 ماه', '09149167017', '09149167017', 'شهر سهند فاز 4 مجتمع آفتاب', '10.jpg', '2021-12-01 02:41:23', '2018-05-06 09:29:10', '2018-05-06 09:29:10'),
(6, 'حسین', 'باقری', '1360152369', '1368', 1, 1, 'راننده تاکسی', '0', '4', 'مکانیک', '2', 'دکتر علیاری', 1, '', '09146165843', '09146165843', 'تبریز آخرخ طالقانی8متری شریعتی کاشی12', 'MDS13587.jpg', '2021-12-01 02:41:23', '2018-05-07 09:29:10', '2018-05-07 09:29:10'),
(7, 'سجاد', 'یوسفی هریس', '0014525488', '1371', 1, 1, 'ازاد', '0', '2', 'ریخته گری', '1', 'قربانعلی مظلومی لاهیجان', 1, 'تصفیه خانه سهند', '09014657243', '09014657243', 'اسفهلان محله پایچنار', 'Untitled.jpg', '2021-12-01 02:41:23', '2018-05-07 09:29:10', '2018-05-07 09:29:10'),
(8, 'سکینه', 'عبدلی حسین آباد', '1360738169', '1370', 0, 0, 'کار افتاده', '0', '4', 'روانشناسی عمومی', '7', 'وحید نوری', 1, 'آشنایی به فتوشاپ', '09036133034', '09036133034', 'آخمقیه \\\" ایستگاه آخرهشت بالاتر از پارک صفا8متری پاسداران کوچه نیلوفر پلاک 6', '02 001.jpg', '2021-12-01 02:41:23', '2018-05-13 09:29:10', '2018-05-13 09:29:10'),
(9, 'مهداد', 'حسین زاده سعادت', '1360166904', '1313', 1, 1, 'بازنشسته', '0', '4', 'مدیریت پروژه', '2', 'فیروز حسین زاده', 1, 'سابقه کار در امور مالی ، حسابداری و اداری', '09148261325', '09148261325', 'تبریز-یاغچیان-خیابان توحید - مجتمع میثاق -بلوک 1 - واحد 5', '1360166904.jpg', '2021-12-01 02:41:23', '2018-05-28 09:29:10', '2018-05-28 09:29:10'),
(10, 'سیده فاطمه', 'حسینی اصل خسروشاهی', '1382493460', '1368', 0, 0, 'فرهنگی بازنشسته', '0', '4', 'مهندسی فناوری اطلاعات (IT)', '2', '', 1, 'کار با نرم افزار سپیدار حسابداری - تولید و دریافت و پرداخت و آفیس و ...', '09141104697', '09141104697', 'خسروشاه - خیابان شهید بهشتی', '1382493460.jpg', '2021-12-01 02:41:23', '2018-05-29 09:29:10', '2018-05-29 09:29:10'),
(11, 'علی', 'فروغی والا', '1361511508', '1373', 1, 1, 'ازاد', '4', '2', 'صتایع شیمیایی', '1', 'داود باهری', 1, 'فروشندگی\\r\\nاوبراتور دستگاه کات\\r\\nرانندگی', '09371689882', '09141046884', 'شهر جدید سهند فاز یک محله سه مجتمع افتاب دو بلوک5 واحدD2', '1361511508.jpg', '2021-12-01 02:41:23', '2018-05-30 09:29:10', '2018-05-30 09:29:10'),
(12, 'سمیرا', 'فاطمی کیقباد', '5190150577', '1371', 0, 0, 'آزاد- نقاش ساختمان', '0', '4', 'کامپیوتر', '2', 'اسحاق علمی', 1, '', '09145867910', '09145867910', 'شهر جدید سهند - فاز 2 - میدان نگین - کوچه نگین سیزدهم - آخر کوچه - سمت چپ - ساختمان آخر - طبقه اول', '5190150577.jpg', '2021-12-01 02:41:23', '2018-06-02 09:29:10', '2018-06-02 09:29:10'),
(13, 'نسرین', 'موحدپور هروی', '1377501140', '1362', 0, 1, 'آزاد', '0', '4', 'شیمی کاربردی', '1', '', 0, '', '09302648622', '09302648622', 'خ مارالان کوچه شهید شکر پور کوی نیلوفر نهم پلاک 115', '1377501140.jpg', '2021-12-01 02:41:23', '2018-06-02 09:29:10', '2018-06-02 09:29:10'),
(14, 'فریبا', 'حنفی کردکندی', '1360749306', '1370', 0, 0, 'قنادی', '0', '4', 'حسابداری', '2', 'حسن حنفی', 1, 'شش ماه شاغل در بخش دفتری کارخانه چسب هل تبریز', '09336976215', '09336976215', 'تبریز،خیابان پاسداران کوچه شهید پوراکبری پلاک39', '1360749306.jpg', '2021-12-01 02:41:23', '2018-06-02 09:29:10', '2018-06-02 09:29:10'),
(15, 'زینب', 'عبدی', '1362741752', '1379', 0, 0, 'مصالح فروشی', '0', '2', 'معماری', '1', '', 1, 'کارخانه چسب هل تبریز', '09146654611', '09143116822', 'میرداماد ویلاشهر فاز 3', '1362741752.jpg', '2021-12-01 02:41:23', '2018-06-02 09:29:10', '2018-06-02 09:29:10'),
(16, 'سمیرا', 'فتح الهی', '1360938680', '1371', 0, 0, 'کارگر', '0', '4', 'حسابداری', '1', 'اصغرشاهی', 1, 'کارخانه چسب هل تبریز\\r\\nآشنابانرم افرازسپیدار', '09147582230', '32884495', 'خیابان ،18متری فیضیه غربی پشت مدرسه فرهمند جنب حسینیه موسی بن جعفر پلاک 8', '1360938680.jpg', '2021-12-01 02:41:23', '2018-06-03 09:29:10', '2018-06-03 09:29:10'),
(17, 'میلاد', 'زنده دامن', '1361257326', '1372', 1, 0, 'راننده', '0', '1', '', '1', 'رقیه فلاحی', 1, 'بستنی اطمینان به مدت 7 سال', '09214735896', '09214735896', 'تبریز چ لاله اخر بنفشه پشت مدرسه امین ساختمان مریم پ 7 ط 1 شرقی', '1361257326.jpg', '2021-12-01 02:41:23', '2018-06-03 09:29:10', '2018-06-03 09:29:10'),
(18, 'اصغر', 'ملکی', '1382298625', '1367', 1, 1, 'قنادی', '0', '1', 'کامپیوتر', '1', 'حسینقلی', 1, 'در قنادی کنار پدرم کار مردم', '09149075781', '04132349709', 'تبریز خیابان شهید قره باغی کوچه هدایت پلاک 11', '1382298625.jpg', '2021-12-01 02:41:23', '2018-06-05 09:29:10', '2018-06-05 09:29:10'),
(19, 'رضا', 'عزیزپور', '1382745826', '1364', 1, 0, 'کارگر', '0', '4', 'صنایع', '1', '', 1, '', '09146401626', '09146401625', 'سهند فازهشتگرد ۱', '1382745826.jpg', '2021-12-01 02:41:23', '2018-06-05 09:29:10', '2018-06-05 09:29:10'),
(20, 'بهناز', 'یاری', '1361986239', '1375', 0, 0, 'آزاد', '0', '3', 'الکترونیک', '1', '', 1, 'خط تولیدچسب هل', '09147560119', '09147560119', 'رضوانشهر.کوی نبوت.پ۳۴', '1361986239.jpg', '2021-12-01 02:41:23', '2018-06-06 09:29:10', '2018-06-06 09:29:10'),
(21, 'شهلا', 'سرپیرا', '1361987294', '1375', 0, 0, 'بنا', '0', '2', 'الکترونیک', '1', 'محمد سرپیرا', 0, '', '09300562199', '09300562199', 'تبریز اول رضوانشهر خیابان فجر کوچه اسلامی پالک4', '1361987294.jpg', '2021-12-01 02:41:23', '2018-06-07 09:29:10', '2018-06-07 09:29:10'),
(22, 'محمدرضا', 'پاشائی الوندی', '1382205041', '1365', 1, 0, 'بازنشسته', '4', '4', 'دبیری زبان و ادبیات فارسی', '2', '', 1, 'معاون در دبستان وامور رایانه ای مدرسه', '09143030042', '09143030042', 'تبریز خ ابوریحان نرسیده به سه راه پاستور کوچه شهیدابراهیم پوری پلاک 21', '1382205041.jpg', '2021-12-01 02:41:23', '2018-06-09 09:29:10', '2018-06-09 09:29:10'),
(23, 'سعید', 'واحد', '5060070174', '1373', 1, 1, 'آزاد', '3', '2', 'ریاضی', '1', '', 1, '1 سال اپراتور آسیاب و سرند در کارخانه آجر سفال سهند آذر', '09337067676', '09337067676', 'سهند فاز 2 مجتمع سروستان بک G شرقی طبقه اول غربی', '5060070174.jpg', '2021-12-01 02:41:23', '2018-06-20 09:29:10', '2018-06-20 09:29:10'),
(24, 'پروانه', 'اسدی بدیع', '1360006362', '1368', 0, 1, 'آزاد', '0', '4', 'حسابداری', '2', 'فلاح', 1, 'فروشنده پوشاک - کمک حسابدار نمایندگی سیم و کابل کرمان', '09351659073', '09351659073', 'خیابان دکتر قریب - کوی فاطمی - بن بست 5 - پلاک 289', '1360006362.jpg', '2021-12-01 02:41:23', '2018-06-24 09:29:10', '2018-06-24 09:29:10'),
(25, 'حدیث', 'زاداسمعیل', '1360583556', '1369', 0, 0, 'آزاد', '0', '4', 'حسابداری', '2', '', 1, 'حسابدار کارخانه چسب هل', '09147678702', '09147678702', 'اول آرم کوچه شهید دهقان پلاک 11', '1360583556.jpg', '2021-12-01 02:41:23', '2018-06-25 09:29:10', '2018-06-25 09:29:10'),
(26, 'افسانه', 'پناهی ابر', '0061966827', '1358', 0, 0, 'فوت شدن', '0', '3', 'دبیری زبان و ادبیات فارسی', '1', 'حسام پناهی', 1, '5سال آناتاتولیدی.2سال لوازم خانگی سینوراداری. پارلاق پلاست تولید.قند هلالی اداری .', '09352604096', '33402086', 'شهرجدید سهند.فاز3 مجتمع ماهان.بلوک 7 ط5 واحد b', '0061966827.jpg', '2021-12-01 02:41:23', '2018-06-28 09:29:10', '2018-06-28 09:29:10'),
(27, 'ناصر', 'اصغری', '1360503285', '1369', 1, 1, 'کارگر ساختمانی', '0', '2', 'حسابداری', '1', '', 1, '', '09145007402', '09145007402', 'تبریز اول ارم', '1360503285.jpg', '2021-12-01 02:41:23', '2018-07-03 09:29:10', '2018-07-03 09:29:10'),
(28, 'ایوب', 'کریم زاده', '1490066314', '1368', 1, 0, 'فوت شده', '3', '4', 'زیست شناسی', '6', '', 0, '', '09141104909', '09141104909', 'تبریز سردرود خیابان امام کوی وجودی بن بست صد اقت پلاک 11', '1490066314.jpg', '2021-12-01 02:41:23', '2018-07-07 09:29:10', '2018-07-07 09:29:10'),
(29, 'نسترن', 'جوادی', '1361803029', '1374', 0, 0, 'بازنشسته', '0', '4', 'علوم و مهندسی صنایع غذایی', '6', '', 0, '', '09144126152', '9144126152', 'شهرک مرزداران فرهنگیان جنوبی بعد از پمپ بنزین ساختمان افشین طبقه 5', '1361803029.jpg', '2021-12-01 02:41:23', '2018-07-10 09:29:10', '2018-07-10 09:29:10'),
(30, 'میرحسن', 'میرابراهیم زاده', '1730077781', '1371', 1, 0, 'کارمند', '0', '4', 'مهندسی کشاورزی', '2', 'پدر', 0, '-', '09148987662', '09148987662', 'تبریز راه اهن', '1730077781.jpg', '2021-12-01 02:41:23', '2018-07-10 09:29:10', '2018-07-10 09:29:10'),
(31, 'صمد', 'شفیق فرد', '1360298282', '1369', 1, 0, 'آزاد', '0', '2', 'علوم انسانی', '1', '', 1, '', '09146616485', '09146616485', 'سهند فاز 1 محله 2', '1360298282.jpg', '2021-12-01 02:41:23', '2018-07-30 09:29:10', '2018-07-30 09:29:10'),
(32, 'فاطمه', 'فرشباف', '1720050171', '1369', 0, 0, 'بازنشسته ارتش', '0', '3', 'نرم افزار کامپیوتر', '1', 'مهدی موحد', 1, 'پنج سال شرکت آیدین', '09149301158', '2876243', 'تبریز.نصف راه', '1720050171.jpg', '2021-12-01 02:41:23', '2018-08-05 09:29:10', '2018-08-05 09:29:10'),
(33, 'هادی', 'اعلم شاهی', '1360300104', '1368', 1, 0, 'بازنشسته ناجا', '3', '4', 'کامپیوتر', '2', 'اسماعیل اعلم شاهی', 1, 'شرکت شفق زرین پارس،شرکت ایرانسل،هنرستان غیردولتی ارک دانش سردرود', '09144076215', '09144076215', 'تبریز شهرک نور مجتمع مسکونی پامچال بلوک21 راهپله دوم واحد8', '1360300104.jpg', '2021-12-01 02:41:23', '2018-08-27 09:29:10', '2018-08-27 09:29:10'),
(34, 'ابوالفضل', 'جعفرزاده', '1580217631', '1355', 1, 1, 'بیکار', '0', '2', 'مکانیکی', '1', 'جعفرزاده', 1, 'مکانیکی - صنایع غذایی', '09146165990', '09146165990', 'تبریز آذربایجان', '1580217631.jpg', '2021-12-01 02:41:23', '2018-08-29 09:29:10', '2018-08-29 09:29:10'),
(35, 'امیر', 'بهجت جمال', '1361313102', '1372', 1, 0, 'بازنشسته', '0', '4', 'مهندسی برق', '1', 'ناصر بهجت جمال', 0, '', '09337738322', '36693808', 'تبریز - شهرک باغمیشه - میدان ارغوان - ابتدای خیابان ولی پور - پلاک9', '1361313102.jpg', '2021-12-01 02:41:23', '2018-08-29 09:29:10', '2018-08-29 09:29:10'),
(36, 'سعید', 'رادور', '1690087102', '1372', 1, 0, 'بازنشسته', '0', '4', 'برق', '2', 'علی رادور', 0, '', '09146553626', '04134412688', 'تبریز/خ دامپزشکی/18متری رجایی/کوی شهید خشتگر/بنبست گلزار/پ12/ط5', '1690087102.jpg', '2021-12-01 02:41:23', '2018-08-31 09:29:10', '2018-08-31 09:29:10'),
(37, 'فریدون', 'قوجازاده', '1361390468', '1373', 1, 0, '', '0', '2', '', '1', '', 0, '', '09366482106', '09366482106', 'تبریز خ انقلاب بالاتر از بانک ملی کوچه ش مقدم', '1361390468.jpg', '2021-12-01 02:41:23', '2018-09-04 09:29:10', '2018-09-04 09:29:10'),
(38, 'فرشته', 'ارشاد فرکار', '1360616969', '1369', 0, 1, 'آزاد', '0', '4', 'کامپیوتر', '2', 'تراب ارشاد فرکار', 1, 'امورمالی- منابع انسانی- کارگزینی- بایگانی - اداری- بیمه - قرارداد- اداری- بازرسی و ....', '09148908422', '09148908422', 'تبریز خ حافظ جنوبی کوی پرورش بن بست بنانی پلاک47', '1360616969.jpg', '2021-12-01 02:41:23', '2018-09-12 09:29:10', '2018-09-12 09:29:10'),
(39, 'سید مجتبی', 'محمد مصری', '1361144718', '1372', 1, 0, 'بازنشست', '0', '4', 'عمران', '1', 'سید رضا محمد مصری', 1, 'اوپراتور دستگاه در کارخانه فرش تبریز', '09351160914', '09351160914', 'تبریز-خیابان پاستور-کوی سجادیه-بن بست اسکویی- پلاک 71-طبقه اول', '1361144718.jpg', '2021-12-01 02:41:23', '2018-09-20 10:29:10', '2018-09-20 10:29:10'),
(40, 'حکیمه', 'اظهری کویچ', '1739838637', '1360', 0, 1, 'بازنشسته', '0', '1', '', '1', 'یداله اظهری', 1, '30 ماه سابقه کار دارم', '09148618349', '09148618349', 'شهر جدید سهند', '1739838637.jpg', '2021-12-01 02:56:23', '2018-09-27 10:29:10', '2021-12-01 02:56:23'),
(41, 'قادر', 'طالبی', '1700047574', '1370', 1, 0, 'کشاورزی', '0', '2', 'کامپیوتر', '1', 'سفته بانکی', 1, 'شرکت سلین یک سال و ۹ ماه وشرکت کیانا ۶ ماه هردو شرکت صنایع غذایی هستن', '09146178501', '09146178501', 'تبریز اخر شهناز کوچه جوزاک', '1700047574.jpg', '2021-12-01 02:41:23', '2018-09-29 10:29:10', '2018-09-29 10:29:10'),
(42, 'فاطمه', 'جعفری یقین', '1381090346', '1364', 0, 0, 'بازنشسته فرهنگی', '0', '4', 'مترجمی زبان انگلیسی', '2', '', 1, '- منشی/ شرکت طب شرق مشهد\\r\\n- freelancer ( مترجم)\\r\\n- فعالیت در سالن تولید', '09367687515', '04134202692', 'سردرود- خیابان امام- کوچه فرهنگ- پلاک 7', '1381090346.jpg', '2021-12-01 02:41:23', '2018-09-29 10:29:10', '2018-09-29 10:29:10'),
(43, 'زهرا', 'رضایی', '1361252103', '1372', 0, 1, 'ازاد', '0', '4', 'شیمی محض/ارشد فیتوشیمی', '6', 'ارسلان رضایی', 1, 'کمتر از 3 ماه در شرکت صنایع غذایی نظری که بیمه رد نشد.بعلت تایم کاری زیاد استعفا دادم.', '09147307417', '09147307417', 'تبریز.اخر رسالت.نگارستان غربی.کوی ثمین.کوچه دوم شرقی.پلاک 14', '1361252103.jpg', '2021-12-01 02:41:23', '2018-10-05 10:29:10', '2018-10-05 10:29:10'),
(44, 'مهدی', 'صابر قره بابا', '0311469175', '1375', 1, 0, 'آزاد', '0', '2', 'انسانی', '1', 'رقیه صابر قره بابا', 1, 'شرکت کارتن سازی', '09109386234', '09109386234', 'تبریز خیابان لاله میدان امام حسین نبش کوچه واحدی', '0311469175.jpg', '2021-12-01 02:41:23', '2018-10-06 10:29:10', '2018-10-06 10:29:10'),
(45, 'حسین', 'روحی', '1360438122', '1369', 1, 0, 'بازنشسته', '0', '2', 'ریاضی', '1', '', 1, 'از سال 81 مشغول به فروشندگی بودم واز سال 93 تا 97 خودم در صنف لباس بچه گانه مغازه داشتم', '09364881338', '04136565438', 'تبریز چای کنار روبروی بیمه تامین اجتماعی کوچه فرزامی پ5', '1360438122.jpg', '2021-12-01 02:41:23', '2018-10-07 10:29:10', '2018-10-07 10:29:10'),
(46, 'مصطفی', 'رشدی بشیر', '1739945141', '1367', 1, 0, 'قالی باف', '0', '4', 'شیمی کاربردی', '1', '', 1, 'اپراتور آزمایشگاه کارخانه نوآوران اطمینان گاز تاوریژ واقع در جاده تهران', '09148884694', '04132337334', 'تبریز خیابان مفتح کوچه روشن پلاک 2', '1739945141.jpg', '2021-12-01 02:41:23', '2018-10-09 10:29:10', '2018-10-09 10:29:10'),
(47, 'یاشار', 'باغساری', '1362321060', '1376', 1, 0, 'آزاد', '0', '4', 'مهندسی شیمی', '1', '', 0, '', '09148645720', '09148645720', 'تبریز-نصف راه- کوی فیروز-کوی فاطمی', '1362321060.jpg', '2021-12-01 02:41:23', '2018-10-13 10:29:10', '2018-10-13 10:29:10'),
(48, 'ناهیده', 'قربانی چینی بلاغ', '1361241411', '1372', 0, 1, 'ازاد', '0', '1', '', '1', 'موسی امیری', 0, '', '09902759356', '09902759356', 'شهرک لاهیجان', '1361241411.jpg', '2021-12-01 02:41:23', '2018-10-16 10:29:10', '2018-10-16 10:29:10'),
(49, 'نجمه', 'موسوی', '0300131142', '1368', 0, 0, 'کارمند', '0', '4', 'صنایع غذایی', '6', 'خانم علیزاده', 1, '4سال مسئول فنی و فعالیت در بخش آزمایشگاه', '09143180705', '09143180705', 'تبریز.شهرک باغمیشه', '0300131142.jpg', '2021-12-01 02:41:23', '2018-10-17 10:29:10', '2018-10-17 10:29:10'),
(50, 'مریم', 'سلامتی', '1700107658', '1373', 0, 0, 'آزاد', '0', '4', 'علوم و مهندسی صنایع غذایی', '6', 'المیرا سلامتی', 1, '4ماه در شرکت لبنی دوغ . و گذراندن کارآموزی بﻫ مدت دو ماﻫ در آزمایشگاه سرخاب آذر و پگاه', '09016505788', '09016505788', 'اسکو.روستای کلجاه.کوی ۱۲متری البرز.کوچه الوند.پلاک ۳۱۰', '1700107658.jpg', '2021-12-01 02:41:23', '2018-10-20 10:29:10', '2018-10-20 10:29:10'),
(51, 'زیبا', 'افخمی قوزلوجه', '1360169571', '1368', 0, 0, 'بازنشسته', '0', '2', 'انسانی', '1', 'رقیه فلاحی', 0, '', '09358603172', '04134441508', 'خ قطران باهنر 2 محله وزیرآباد کوچه فردوسی پ 6', '1360169571.jpg', '2021-12-01 02:41:23', '2018-10-28 10:29:10', '2018-10-28 10:29:10'),
(52, 'مرضیه', 'رسولی اربط', '1700096338', '1372', 0, 0, 'کارگر', '0', '2', 'حسابداری', '1', '', 1, 'کارخانه نساجی', '09146643890', '04133410391', 'ایلخچی خ جامی انتهای ک سالار ملی', '1700096338.jpg', '2021-12-01 02:41:23', '2018-10-29 10:29:10', '2018-10-29 10:29:10'),
(53, 'زینب', 'آذرنیا', '1377368807', '1359', 0, 1, 'بازنشسته', '0', '2', 'طراحی ودوخت', '1', 'خانم محبی', 0, '', '09144145571', '09144145571', 'تبریز خ عباسی نرسیده به صدرالشعرا طبقه سوم داروخانه صدرا پ25', '1377368807.jpg', '2021-12-01 02:41:23', '2018-10-29 10:29:10', '2018-10-29 10:29:10'),
(54, 'نسیم', 'راهنمایی', '1362316806', '1377', 0, 0, 'بازنشسته', '0', '2', 'گرافیک', '1', 'حسن خادم', 1, 'بسته بندی', '09146654673', '09146654673', 'سردرودخیابان ورزش روبروی استخر کوچه فردین پلاک ۹', '1362316806.jpg', '2021-12-01 02:41:23', '2018-10-31 10:29:10', '2018-10-31 10:29:10'),
(55, 'سیما', 'گلستانی', '1362272892', '1377', 0, 0, 'راننده تاکسی', '0', '1', '', '1', 'علی', 0, '', '09142180875', '09142180875', 'فاز۴', '1362272892.jpg', '2021-12-01 02:41:23', '2018-11-12 10:29:10', '2018-11-12 10:29:10'),
(56, 'مهدی', 'وکیلی', '0011487259', '1368', 1, 0, 'بازنشسته', '3', '4', 'حسابداری', '1', 'سلمان وکیلی', 1, 'سابقه اشتغال در شرکت ارمان اکسیر سلامت /کارگاه صحافی/شرکت ارمان مدیریت سلامت', '09127088016', '09127088016', 'مهراباد جنوبی تولیددارو خ قناعت ک فرزانه پ32', '0011487259.jpg', '2021-12-01 02:41:23', '2018-11-21 10:29:10', '2018-11-21 10:29:10'),
(57, 'اکبر', 'ولیون معروفی', '1361290961', '1372', 1, 0, 'آزاد', '0', '4', 'صنایع غذایی', '6', 'حسین ولیون - سعید حیدری', 1, 'کار در کارخانه های تولیدی(لوازم خانگی)', '09149306749', '09149306749', 'تبریز-شهرک باغ معروف اول خیابان ولی عصر', '1361290961.jpg', '2021-12-01 02:41:23', '2018-11-24 10:29:10', '2018-11-24 10:29:10'),
(58, 'زینب', 'حجاری باویل علیائی', '1709399570', '1363', 0, 1, 'کارگر', '0', '2', 'فنی و حرفه ای', '1', 'زینب حجاری باویل علیائی', 1, 'شرکت گل عسل به مدت 5 سال', '09148604034', '09148604034', 'اسکو سبزه میدان بالاتر از مسجد پیر', '1709399570.jpg', '2021-12-01 02:41:23', '2018-11-28 10:29:10', '2018-11-28 10:29:10'),
(59, 'حانیه', 'حجاری باویل علیائی', '1700162268', '1377', 0, 0, 'کارگر', '0', '2', 'کامپیوتر', '1', 'زینب حجاری باویل علیائی', 1, 'کارخانه تزریق پلاست بمدت 18 ماه', '09304378368', '04133482752', 'اسکو باویل علیا کوچه لاله پلاک 201', '1700162268.jpg', '2021-12-01 02:41:23', '2018-11-28 10:29:10', '2018-11-28 10:29:10'),
(60, 'محمد حسین', 'موصف قالیچه', '1382583060', '1352', 1, 1, 'ازاد', '0', '1', '', '1', '', 0, '', '09212685118', '09212685118', 'تبریز بهار قوچداشی خشهیدشریفی خ شهید دخلی دست راست کوی اول دست راست پلاک3', '1382583060.jpg', '2021-12-01 02:41:23', '2018-11-30 10:29:10', '2018-11-30 10:29:10'),
(61, 'محمد علی', 'عابدی', '1630115916', '1370', 1, 0, 'آزاد', '0', '4', 'شیمی کاربردی', '1', '', 0, '', '09371985215', '09371985215', 'اردبیل _ شهرستان خلخال _ روستای بفراجرد', '1630115916.png', '2021-12-01 02:41:23', '2018-12-01 10:29:10', '2018-12-01 10:29:10'),
(62, 'فرشاد', 'ارجمند', '1540224201', '1371', 1, 0, 'معلم', '0', '4', 'علوم و مهندسی صنایع غذایی', '6', 'ناصر ارجمند', 1, '2 ماه در خط تولید پوره هلو در شرکت اروم آدا\\r\\nقطع همکاری برای تحصیل در مقطع فوق لیسانس', '09145007255', '09145007255', 'مراغه شهرک سهند 10 متری دهم پلاک 28', '1540224201.jpg', '2021-12-01 02:41:23', '2018-12-01 10:29:10', '2018-12-01 10:29:10'),
(63, 'رضا', 'رضاابراهیم زاده', '1381885055', '1365', 1, 0, 'آزاد', '0', '4', 'حقوق', '3', 'ابراهیم زاده', 1, 'فنی پخش مواد غذایی', '09909180214', '09909180214', 'تبریز خ عباسی', '1381885055.jpg', '2021-12-01 02:41:23', '2018-12-04 10:29:10', '2018-12-04 10:29:10'),
(64, 'آرزو', 'نوروزی', '1382076169', '1366', 0, 1, 'آزاد', '0', '2', '', '1', 'آیسان عبدالزاده', 0, '', '09148038782', '09336563182', 'سهند .فاز 2', '1382076169.jpg', '2021-12-01 02:41:23', '2018-12-27 10:29:10', '2018-12-27 10:29:10'),
(65, 'فرانک', 'مرادی ثانی', '0073825425', '1355', 0, 0, 'فوت شده', '0', '2', 'نقشه کشی ساختمان', '2', 'ناهید پروینی', 0, '', '09302600158', '09302600158', 'تبریز- رجائی شهر- ده متری سوم غربی پلاک 10- طبقه 2', '0073825425.jpg', '2021-12-01 02:41:23', '2018-12-29 10:29:10', '2018-12-29 10:29:10'),
(66, 'حامد', 'مهری', '1361506717', '1373', 1, 0, 'ازاد', '0', '2', 'علوم انسانی', '1', '', 1, 'شرکت موسیان1سال', '09010422418', '09010422418', 'شهرک ارم کوی شهید رجائی پ23', '1361506717.jpg', '2021-12-01 02:41:23', '2018-12-30 10:29:10', '2018-12-30 10:29:10'),
(67, 'رباب', 'فلاحی نمرور', '1372177698', '1354', 0, 1, '', '0', '1', '', '1', '', 0, '', '09148474528', '09148474528', 'سهند فاز 1 محله 3 مجتمع آفتاب', '1372177698.jpg', '2021-12-01 02:41:23', '2019-01-01 10:29:10', '2019-01-01 10:29:10'),
(68, 'پیمان', 'جولانی', '2631559428', '1360', 1, 1, 'کشاورز', '4', '4', 'مهندسی معدن گرایش اکتشاف', '1', 'پروین فرج زاده', 1, 'چینی و بهداشتی ارس -انبار دار ارشد شرکت', '09149109858', '09149109858', 'شهر جدید سهند فاز 2 مجتمع پردیس طبقه 4 واحد44', '2631559428.jpg', '2021-12-01 02:41:23', '2019-01-08 10:29:10', '2019-01-08 10:29:10'),
(69, 'فاطمه', 'رصایی', '1360055266', '1368', 0, 0, 'بازنشسته', '0', '3', 'مدیریت', '2', 'محمد علی رضایی', 1, 'کارخانه دستمال مرطوب-کارخانه تولید بیسکویت و ویفر-مهد کودک', '09919291570', '09919291570', 'شهر سهند فاز 2', '1360055266.jpg', '2021-12-01 02:41:23', '2019-01-14 10:29:10', '2019-01-14 10:29:10'),
(70, 'میلاد', 'قبادی میاب', '1361117206', '1371', 1, 0, 'کارمند', '0', '2', 'تجربی', '1', 'حمید عاطفی .09144018694', 0, '', '09148931508', '09148931508', 'تبریز.چایکنار خیابان شهید رضا نژاد کوی دمشقیه .کوی کوچه گلکاری پلاک 71', '1361117206.jpg', '2021-12-01 02:41:23', '2019-01-20 10:29:10', '2019-01-20 10:29:10'),
(71, 'سیدعلی', 'میرابراهیمی', '1690183136', '1313', 1, 0, 'راننده', '0', '1', '', '1', '', 0, '', '09148310599', '04134232099', 'آذرشهر-جنب پارک ملت- کوچه امام رضای1 پلاک16', '1690183136.jpg', '2021-12-01 02:41:23', '2019-01-25 10:29:10', '2019-01-25 10:29:10'),
(72, 'لیلا', 'بایرامی جهانی', '1378193474', '1357', 0, 0, 'بازنشسته', '0', '3', 'حسابداری', '2', 'سفته', 1, 'سیمان صوفیان', '09354169548', '09354169548', 'تبریز باغمیشه خ مولانا مجتمع مولانا بلوک 17', '1378193474.jpg', '2021-12-01 02:41:23', '2019-01-28 10:29:10', '2019-01-28 10:29:10'),
(73, 'ميثم', 'امامي', '0084212241', '1367', 1, 1, 'كارمند بازنشسته', '0', '4', 'شبكه هاي كامپيوتري', '2', '', 1, '9 سال', '09190901708', '09190901708', 'تهران-كوي 17 شهريور-خ سرحدي-كوچه غفاري-پلاك29', '0084212241.jpg', '2021-12-01 02:41:23', '2019-02-10 10:29:10', '2019-02-10 10:29:10'),
(74, 'مرتضی', 'محمدزاده', '1381972081', '1366', 1, 1, 'آشپز', '0', '3', 'اموربیمه', '1', '....', 1, 'رستوران بزرگ ترمینال\\r\\nچاپ زمرد', '09147278066', '9147278066', 'تبریز آخرطالقانی', '1381972081.jpg', '2021-12-01 02:41:23', '2019-02-12 10:29:10', '2019-02-12 10:29:10'),
(75, 'رضاعزیزپور', 'عزیزپئر', '1382463456', '1313', 1, 0, 'کارگرانبارشرکت زمزم', '0', '4', 'مهندسی صنایع', '1', 'خودم،نادعلی رضایی', 1, 'شرکت زمزم،فنی،اپراتور،کنترل کیفی،برنامه ریزی تولید،شرکت پارلارطراحی ،برش لیزر،چاپ', '09146401626', '09146401626', 'سهندفاز۲هشتگرد فرعی ۵', '1382463456.jpg', '2021-12-01 02:41:23', '2019-02-24 10:29:10', '2019-02-24 10:29:10'),
(76, 'شیما', 'شفق', '3091567761', '1365', 0, 1, '', '0', '4', 'مدیریت بازرگانی', '2', 'محمد رضا عباسی اول', 1, 'واحد بازرگانی شرکت عصاره طلایی تبریز به مدت پنج سال', '09197075202', '09197075202', 'تبریز خ دامپزشکی انتهای کوی اعظمی ساختمان ارکیده', '3091567761.jpg', '2021-12-01 02:41:23', '2019-02-28 10:29:10', '2019-02-28 10:29:10'),
(77, 'مهسا', 'نقی زاده', '0015284794', '1371', 0, 1, 'بازنشسته', '0', '4', 'فوق لیسانس مدیریت بازرگانی', '2', 'همسرم', 1, 'دو سال', '09148415198', '04132830367', 'تبریز منجم کوی سلطان زاده پلاک 1/27', '0015284794.jpg', '2021-12-01 02:41:23', '2019-03-16 10:29:10', '2019-03-16 10:29:10'),
(78, 'یونس', 'کریمی', '0829902317', '1367', 1, 0, '', '0', '4', 'معماری', '2', '', 0, '', '09191230027', '09191230027', 'شیروان', '0829902317.jpg', '2021-12-01 02:41:23', '2019-03-21 09:29:10', '2019-03-21 09:29:10'),
(79, 'رضاعزیزپور', 'عزیزپور', '1382854527', '1364', 1, 0, 'کارگرانبارشرکت زمزم', '0', '4', 'مهندسی صنایع', '1', 'داود عطایی', 1, 'شرکت زمزم،اپراتور،سرشت،کنترل کیفی،برنامه ریزی تولید،شرکت پالار،قسمت لیزروچاپ،طراحی کورل', '09391268672', '09146401626', 'سهندفاز۲هشتگرد فرعی ۵', '1382854527.jpg', '2021-12-01 02:41:23', '2019-03-31 09:29:10', '2019-03-31 09:29:10'),
(80, 'مریم', 'نیک چشم', '2740913710', '1373', 0, 0, 'آزاد', '0', '2', 'علوم انسانی', '1', 'علی آسمانی', 0, '', '09101662518', '09101662518', 'سهند فاز 2 فلکه نگین آپارتمان های فردوس 2 طبقه 4', '2740913710.jpg', '2021-12-01 02:41:23', '2019-04-05 09:29:10', '2019-04-05 09:29:10'),
(81, 'فرزاد', 'بشارت هریس', '1540445712', '1376', 1, 0, 'آزاد', '0', '2', 'حسابداری', '1', 'قربانعلی مظلومی', 1, 'صابون کامل طلایی', '09199807786', '09199807786', 'شهرک لاهیجان خیابان شهید علیپور', '1540445712.jpg', '2021-12-01 02:41:23', '2019-04-10 09:29:10', '2019-04-10 09:29:10'),
(82, 'پروانه', 'کاکائی', '3379950874', '1364', 0, 0, 'آزاد', '0', '2', 'هنر', '1', 'آقای اصغرزاده حسابدار محترم', 1, 'سه سال در شرکت ویفر شکلاتی شاهو در کرمانشاه', '09184681790', '09184681790', 'شهرک لاهیجان مجتمع اولدوز پشت کارخانه محترم', '3379950874.jpg', '2021-12-01 02:41:23', '2019-04-10 09:29:10', '2019-04-10 09:29:10'),
(83, 'حامد', 'یعقوب پور', '2840243512', '1373', 1, 0, 'دبیر بازنشسته', '0', '4', 'علوم و صنایع غذایی', '2', '', 0, '', '09141878148', '09141878148', 'سهند - فاز 2 - غدیر 5', '2840243512.jpg', '2021-12-01 02:41:23', '2019-04-12 09:29:10', '2019-04-12 09:29:10'),
(84, 'منصور', 'جدگال', '3640284143', '1371', 1, 1, 'بهورز', '0', '2', 'علوم انسانی', '5', 'ابراهیم', 1, ',پخش ملی چابهار', '09901487895', '09901487895', 'چابهار گلشهر', '3640284143.jpg', '2021-12-01 02:41:23', '2019-04-13 09:29:10', '2019-04-13 09:29:10'),
(85, 'سلیمان', 'طهماسبی', '1551564963', '1358', 1, 1, 'فوت کرده', '0', '1', 'زیر دیپلم', '1', 'قربانعلی مظلومی', 1, 'شرکت آلاله واقع در کوی ماندگار لاهیجان', '09358098920', '09358098920', 'شهرک لاهیجان خ امام حسین', '1551564963.jpg', '2021-12-01 02:41:23', '2019-04-14 09:29:10', '2019-04-14 09:29:10'),
(86, 'مریم', 'رنجبری خلجان', '1362262838', '1376', 0, 0, 'بازنشسته', '0', '2', 'حسابداری', '1', 'معصومه محمدی نژاد', 1, 'صنایع غذایی نگین', '09330798663', '09330798663', 'شهرجدید سهند-فاز1-محله1-مجتمع کوثر7-بلوک4-طبقه3-واحد11', '1362262838.jpg', '2021-12-01 02:41:23', '2019-04-15 09:29:10', '2019-04-15 09:29:10'),
(87, 'پروین', 'یاری', '1382284373', '1367', 0, 0, 'آزاد', '0', '3', 'مدیریت کسب و کار', '6', '', 1, 'در خود کارخانه کار کردم', '09386896327', '09386896327', 'تبریز خ شهید قره باغی کوی شهید چمران کوچه خوش سیما پ 43', '1382284373.jpg', '2021-12-01 02:41:23', '2019-04-23 09:29:10', '2019-04-23 09:29:10'),
(88, 'وحیده', 'لطف الهی کلجاهی', '1700053701', '1370', 0, 0, 'کارمند', '0', '4', 'مدیریت بازرگانی', '2', '', 1, 'مدیر فروش بمدت سه سال کار در قسمت انبارداری کار با نرم افزار سپیدار- خرید داخلی بازرگانی - کمک حسابدار و حسابداری فروش', '09304656493', '09304656493', 'خسروشاه - خیابان ورزش - کوچه کوشش-پلاک 2', '1700053701.jpg', '2021-12-01 02:41:23', '2019-04-24 09:29:10', '2019-04-24 09:29:10'),
(89, 'حمید', 'خرم خرم آباد', '1361255110', '1372', 1, 0, 'بازنشسته', '0', '3', 'نرم افزار', '1', 'قاسم خرم خرم آباد', 1, 'سابقه کار در صنایع غذایی سولار شیرین وطن کارمند فروشگاههای زنجیره ای', '09398649947', '04133821457', 'ائل گلی کوی سهند', '1361255110.jpg', '2021-12-01 02:41:23', '2019-05-01 09:29:10', '2019-05-01 09:29:10'),
(90, 'محمد', 'لطیفی', '1583326472', '1365', 1, 1, 'فوت شده', '0', '4', 'ریاضی کاربردی', '5', 'صالح کتابچی', 1, '3سال مدیر فروش لواشک کهنوش 1 سال مدیر فروش لواشک ترشی سون \\r\\n2سال مدیر فروش کیک بنیس \\r\\nیک سال سرپرست فروش شعبه تبریز برند طراوت', '09145821984', '09143109803', 'یاغچیان میدان توحید کوچه صفا', '1583326472.png', '2021-12-01 02:41:23', '2019-05-04 09:29:10', '2019-05-04 09:29:10'),
(91, 'فرهاد', 'شکیبی راد', '1360656472', '1370', 1, 0, 'مدیر. عامل', '0', '4', 'فوق لیسانس کامپیوتر', '2', 'ااااااا', 1, '', '09148958551', '09148958551', 'ااااااا', '1360656472.png', '2021-12-01 02:41:23', '2019-05-06 09:29:10', '2019-05-06 09:29:10'),
(92, 'مهران', 'گراوند', '5989960743', '1367', 1, 1, 'بازنشسته', '0', '4', 'ساختمان', '4', 'رضاکرمی', 1, '4 سال شرکت آیدین دفتر کرج به عنوان مامور پخش و انباردار-\\r\\n1سال شرکت یک و یک کرج سرپرست انبار', '09193241752', '09193241752', 'البرز-کرج جاده فردیس', '5989960743.jpg', '2021-12-01 02:41:23', '2019-05-27 09:29:10', '2019-05-27 09:29:10'),
(93, 'مرتضی', 'محمدی', '1382551411', '1365', 1, 1, 'بازنشسته', '0', '2', 'مکانیک خودرو', '1', 'جواد ابراهیمی', 1, 'شغل آزاد', '09144789167', '09144789167', 'اندیشه مجتمع نگین', '1382551411.jpg', '2021-12-01 02:41:23', '2019-06-08 09:29:10', '2019-06-08 09:29:10'),
(94, 'سعید', 'امینی', '1700017438', '1368', 1, 0, 'آزاد', '0', '4', 'علوم و صنایع غذایی', '6', 'خدااااااااااااا', 1, 'دارای 3 سال سابقه کار کنترل کیفی در زمینه بستنی .کیک و پیراشکی میباشم', '09389943135', '09389943135', 'سهند فاز1 محله 2 مجتمع نگین سهند', '1700017438.jpg', '2021-12-01 02:41:23', '2019-06-18 09:29:10', '2019-06-18 09:29:10'),
(95, 'حسین', 'پورمحمد', '0010627758', '1368', 1, 0, '', '0', '3', '', '2', '', 1, '4سال کارمند اداری در مخابرات و همراه اول و چن شرکت خصوصی دیگر', '09125972691', '09125972691', '', '0010627758.jpg', '2021-12-01 02:41:23', '2019-07-14 09:29:10', '2019-07-14 09:29:10'),
(96, 'کاظم', 'درغاله', '1717265111', '1356', 1, 1, 'کارمند سایپا', '0', '1', '', '1', 'محمد افخمی', 1, '15 سال سابقه کار در خط تولید کارخانه نوشابه سهندآبنوش-علت ترک کار تعطیل شدن کارخانه', '09149339038', '09149339038', 'لاهیجان پشت کارخانه گل عسل مجتمع اولدوز', '1717265111.jpg', '2021-12-01 02:41:23', '2019-07-23 09:29:10', '2019-07-23 09:29:10'),
(97, 'پیمان', 'قاسمی', '2802732714', '1373', 1, 0, 'آزاد', '0', '2', '', '1', 'محمد رضا رجوی', 0, '', '09141008014', '09141008014', 'تبریز خ عباسی نرسیده به ایستگاه  طاق صنایع شیشه شفق جام', '2802732714.jpg', '2021-12-01 02:41:23', '2019-07-30 09:29:10', '2019-07-30 09:29:10'),
(98, 'حمید رضا', 'محمدی قره ناز', '1364294621', '1380', 1, 0, 'آزاد', '3', '1', '', '1', '', 0, '', '09035840907', '0903584090', 'خسروشاه روستای لاهیجان', '1364294621.jpg', '2021-12-01 02:41:23', '2019-08-09 09:29:10', '2019-08-09 09:29:10'),
(99, 'فرانک', 'صدری', '1709954337', '1364', 0, 0, 'بازنشسته', '0', '4', 'میکروبیولوژی', '6', 'رضا صدری', 1, 'کاراموزی در معاونت غذا ودارو\\r\\n7سال شاغل در ازمایشگاه طبی', '09031487855', '34760116', 'تبریز-ابوریحان کوچه صمدی پلاک5', '1709954337.jpg', '2021-12-01 02:41:23', '2019-08-10 09:29:10', '2019-08-10 09:29:10'),
(100, 'هادی', 'محمدی', '1520104359', '1369', 1, 0, 'بازنشسته', '0', '4', 'ساخت  و تولید', '1', 'اسدالله محمدی', 1, 'ب مدت ۳ سال در قالب سازی   و یک ساد در تولید یکبار مصرف', '09392306747', '۰۹۱۴۹۰۹۰۲۳۸', 'سهند فاز ۲ مسکن مهر مجتمع پاییزان بلوک ای غربی ط ۴ و۱۵', '1520104359.jpg', '2021-12-01 02:41:23', '2019-08-10 09:29:10', '2019-08-10 09:29:10'),
(101, 'بهنام', 'رجب زاده مقدم', '1360334335', '1369', 1, 1, 'بازنشسته', '0', '2', 'کارودانش', '1', '', 1, '', '09146417808', '09146417808', 'سهند فاز3 مجتمع اسمان بلوکa6', '1360334335.jpg', '2021-12-01 02:41:23', '2019-08-24 09:29:10', '2019-08-24 09:29:10'),
(102, 'شادی', 'نامدار کرجان', '1361157658', '1372', 0, 0, 'نجار', '0', '4', 'مدیریت', '2', '', 1, 'آژانس جهانگردی و کار در تولیدی', '09302468498', '09302468498', 'سهند-فاز 1-محله 1', '1361157658.jpg', '2021-12-01 02:41:23', '2019-09-01 09:29:10', '2019-09-01 09:29:10'),
(103, 'الهام', 'نامدار کرجان', '1379428254', '1362', 0, 0, 'نجار', '0', '2', 'ریاضی فیزیک', '1', '', 1, 'فروشندگی', '09147786837', '09147786837', 'سهند-فاز 1-محله 1', '1379428254.jpg', '2021-12-01 02:41:23', '2019-09-01 09:29:10', '2019-09-01 09:29:10'),
(104, 'آیسان', 'فرج زاده', '1362399884', '1377', 0, 1, 'آزاد', '0', '2', 'علوم تجربی', '1', 'شکوهی', 1, 'کار در شرکت سیمای مشاغل', '09144949628', '09144949628', 'سهند -  فاز 3 - مجتمع امیر', '1362399884.jpg', '2021-12-01 02:41:23', '2019-09-17 10:29:10', '2019-09-17 10:29:10'),
(105, 'سیده فاطمه', 'غفارزاده دستجردی', '1698791062', '1359', 0, 1, 'متوفی', '0', '1', '', '1', 'احمد آقازاده', 0, '', '09010745252', '04133445057', 'سهند - فاز۱ - محله۱ - مجتمع شمس', '1698791062.jpg', '2021-12-01 02:41:23', '2019-09-23 10:29:10', '2019-09-23 10:29:10'),
(106, 'علیرضا', 'بدرخانی ترکی', '1362303283', '1377', 1, 0, 'بازنشسته', '0', '2', 'برق صنعتی', '1', 'محمد ناصری علی ناصری', 1, 'شرکت شایان گوهر سهند', '09141088670', '09141088670', 'تبریز-ابوریحان-آبادان مسکن', '1362303283.png', '2021-12-01 02:41:23', '2019-09-29 10:29:10', '2019-09-29 10:29:10'),
(107, 'علیرضا', 'صادق نژاداصل', '4323419430', '1352', 1, 1, 'بازنشسته', '0', '4', 'مدیریت', '5', '', 1, '14سال در شرکت کنتورسازی در واحدبازرگانی', '09120784204', '09120784204', 'قزوین خیابان راه اهن خیابان پاستورپلاک 91', '4323419430.jpg', '2021-12-01 02:41:23', '2019-09-29 10:29:10', '2019-09-29 10:29:10'),
(108, 'سعیده', 'شوقی خطیبی', '1372034301', '1365', 0, 0, 'ازاد', '0', '4', 'حسابداری', '2', 'بستگی به درخواست شرکت', 1, 'تدریس در اموزشگاه به مدت ۲ سال .به مدت ۳ سال مسئول حسابداری در شرکت خشکبار صنعت .به مدت ۲ سال و نیم در شرکت سوت ایچ', '09904076733', '09904076733', 'سهند فاز ۱', '1372034301.jpg', '2021-12-01 02:41:23', '2019-09-30 10:29:10', '2019-09-30 10:29:10'),
(109, 'لیلا', 'ارزیده', '5069951645', '1367', 0, 0, 'ازاد', '0', '4', 'بهداشت محیط', '2', 'چک', 1, '4 سال', '09144200863', '09144200863', 'تبریز ابوریحان', '5069951645.jpg', '2021-12-01 02:41:23', '2019-10-09 10:29:10', '2019-10-09 10:29:10'),
(110, 'فرزاد', 'ملکی', '1362083526', '1376', 1, 0, 'کارگر شهرداری', '0', '2', 'کامپیوتر', '1', '', 1, '11 ماه خط تولید و بسته بندی مواد غذایی در شهرک سلیمی\\r\\n6 ماه انبارداری مواد غذائی', '09145756597', '09145756597', 'تبریز طالقانی', '1362083526.jpg', '2021-12-01 02:41:23', '2019-10-16 10:29:10', '2019-10-16 10:29:10'),
(111, 'احمد', 'محمدپور دیزجی', '1382436548', '1313', 1, 1, 'بازنشسته', '3', '4', 'حسابداری', '2', 'حسین باقری', 1, 'مسؤل فروشگاه شیرین عسل', '09146544397', '32890575', 'شهر جدید سهند فاز دوم نگین 8', '1382436548.jpg', '2021-12-01 02:41:23', '2019-11-03 10:29:10', '2019-11-03 10:29:10'),
(112, 'سینا', 'رسولی زاده', '2790268754', '1371', 1, 0, 'معلم بازنشسته', '0', '4', 'آمار', '2', 'محمد رسولی زاده', 1, 'کارشناس آمار و تضمین کیفیت در شیرین عسل / عضو تیم ایمنی مواد غذایی شیرین عسل / حسابدار در شرکت ایلار کنسرو / کارشناس داده کاوی در دانشگاه تبریز', '09356018630', '09356018630', 'تبریز. خیابان آذربایجان. پل سرداران فاتح. کوی مهران. روبروی برج پاییزان. ساختمان اسکان. پلاک 31. طبقه2', '2790268754.jpg', '2021-12-01 02:41:23', '2019-11-09 10:29:10', '2019-11-09 10:29:10'),
(113, 'رامین', 'رجبی', '1360571582', '1369', 1, 0, 'بازنشسته', '0', '2', 'کامپیوتر', '1', '', 1, '57 ماه قوطی تبریز', '09010192505', '09010192505', 'مرزداران میدان بهارستان فرهنگیان نور', '1360571582.jpg', '2021-12-01 02:41:23', '2019-11-30 10:29:10', '2019-11-30 10:29:10'),
(114, 'سپیده', 'حسین زادامیرخیزی', '1360025928', '1368', 0, 1, 'کارمند', '0', '4', 'حسابداری', '2', 'محمدرضا حسین زادامیرخیزی', 1, 'حسابداری شرکت تعاونی مصرف تراکتورسازی- حسابرسی بیمه ای', '09149014977', '09149014977', 'سهند - فاز 2 - فلکه شهرداری', '1360025928.png', '2021-12-01 02:41:23', '2019-12-04 10:29:10', '2019-12-04 10:29:10'),
(115, 'عبدالمجید', 'قصابی', '5290020233', '1372', 1, 0, 'بیکار', '2', '4', 'علوم اجتماعی (پژوهشگری )', '5', '', 0, '', '07733252955', '07733240458', 'بوشهر-بندردیلم -میدان امام خمینی -بلوارمصلی -کوچه شهیدستارپناهی -منزل قصابی', '5290020233.jpg', '2021-12-01 02:41:23', '2019-12-16 10:29:10', '2019-12-16 10:29:10'),
(116, 'ساناز', 'چاکری باویل', '1700053231', '1370', 0, 1, 'کارمند', '0', '2', 'دیپلم حسابداری', '1', 'آقای اصغر تقی', 0, '', '09303835336', '09303835336', '', '1700053231.png', '2021-12-01 02:41:23', '2019-12-19 10:29:10', '2019-12-19 10:29:10'),
(117, 'عاطفه', 'شیخی', '1361926929', '1375', 0, 1, 'آزاد', '0', '4', 'مهندسی اقتصاد کشاورزی', '2', 'وحید نوری', 0, '', '09360242659', '09360242659', 'تبریز آبرسان بلوار استاد شهریار محله چلبی روبروی بیمارستان شهریار 10 متری ناصری پلاک 13', '1361926929.jpg', '2021-12-01 02:41:23', '2019-12-27 10:29:10', '2019-12-27 10:29:10'),
(118, 'مهسا', 'عبدالهی', '1520263945', '1372', 0, 1, 'بازنشسته', '0', '4', 'علوم تربیتی', '1', 'بهنام سالاری فر', 0, '', '09360758861', '09360758861', 'سهند، فاز ۲', '1520263945.jpg', '2021-12-01 02:41:23', '2020-01-01 10:29:10', '2020-01-01 10:29:10'),
(119, 'حسین', 'جعفرزاده اصل', '1361606436', '1373', 1, 1, 'معلول', '3', '2', 'برق صنعتی', '1', 'حسین خادم رضای. محمد امیری', 1, 'شرکت ارایشی بهداشتی کامل طلایی ۵سال. شرکت بیسکویت حام ۵ ماه', '09214056695', '09214056695', 'جاده اذرشهر روستای اسبس کوی سعدی دربند اخر', '1361606436.jpg', '2021-12-01 02:41:23', '2020-01-11 10:29:10', '2020-01-11 10:29:10'),
(120, 'فرناز', 'صباغ', '1490408096', '1375', 0, 1, 'کارمند بازنشسته آموزش و پرورش', '0', '4', 'مهندسی صنایع غذایی', '6', '', 0, '', '09104008119', '09104008119', 'آذربایجان شرقی ،شهر سهند فاز2', '1490408096.jpg', '2021-12-01 02:41:23', '2020-01-31 10:29:10', '2020-01-31 10:29:10'),
(121, 'محمدرضا', 'ابراهیمی', '1362815284', '1379', 1, 0, 'بازنشسته', '3', '2', 'تجربی', '1', 'نادر ابراهیمی', 0, '', '09142918183', '09142918183', 'تبریز خ عباسی', '1362815284.jpg', '2021-12-01 02:41:23', '2020-02-02 10:29:10', '2020-02-02 10:29:10'),
(122, 'حسن', 'رحمانی', '5679934736', '1368', 1, 1, 'بازنشسته', '0', '2', 'علوم انسانی', '1', 'چک یا سفته', 1, 'شرکت القو', '09338058105', '09338058105', 'نصف راه بالاتر از مهدیه کوی فاضل پلاک ۱۳', '5679934736.jpg', '2021-12-01 02:41:23', '2020-02-11 10:29:10', '2020-02-11 10:29:10'),
(123, 'شیوا', 'کرم سرخی', '1362280186', '1376', 0, 0, 'بازنشسته', '0', '4', 'صنایع غذایی', '6', '', 0, '', '09910727034', '09910727034', 'شهر جدید سهند', '1362280186.jpg', '2021-12-01 02:41:23', '2020-02-15 10:29:10', '2020-02-15 10:29:10'),
(124, 'افشین', 'ملکیان', '1590008367', '1369', 1, 1, 'کار افتاده', '0', '2', 'تجربی-شیمی', '1', 'پدر', 1, 'پنج سال کارخونه ابمیوه تتراپک', '09147330585', '09147330585', 'تبریز چهارراه لاله یا اندیشه', '1590008367.jpg', '2021-12-01 02:41:23', '2020-03-26 09:29:10', '2020-03-26 09:29:10'),
(125, 'حسین', 'یوسفی', '1376817624', '1363', 1, 0, 'بازنشسته', '0', '2', 'برق', '1', 'میر صادق صوتی خیابانی', 1, 'به مدت 2سال درکارخانه قند وشکر کارکردم', '09144102795', '09144102795', 'روبروی تراکتورسازی شهرک شهید چمران خیابان امام کوچه هما پلاک 68', '1376817624.jpg', '2021-12-01 02:41:23', '2020-04-07 09:29:10', '2020-04-07 09:29:10'),
(126, 'حسین', 'دادی لاهیجان', '1362550132', '1378', 1, 1, 'آزاد', '0', '1', '', '1', 'امیری', 0, '', '09911793789', '09911793789', 'تبریز-ایلخچی-جنب بانک صادرات -پ 132', '1362550132.jpg', '2021-12-01 02:41:23', '2020-04-08 09:29:10', '2020-04-08 09:29:10'),
(127, 'نازنین', 'یوسفی کمکی', '1362997668', '1380', 0, 0, 'آزاد (مکانیکی)', '0', '2', 'علوم انسانی', '1', '', 1, 'کارمند بیمه ایران', '09332181024', '04135542356', 'تبریز خ پاستور جدید کوی مسجد سفید پ 27', '1362997668.jpg', '2021-12-01 02:41:23', '2020-04-14 09:29:10', '2020-04-14 09:29:10'),
(128, 'محمدتقی', 'عابدی', '1630252395', '1373', 1, 0, 'بیکار', '4', '4', 'مهندسی ماشین های صنایع غذایی', '1', '', 0, '', '09334923686', '04532468190', 'استان اردبیل_شهرستان خلخال', '1630252395.jpg', '2021-12-01 02:41:23', '2020-04-27 09:29:10', '2020-04-27 09:29:10'),
(129, 'مجید', 'نورزاده', '1709897635', '1366', 1, 0, 'ازاد', '0', '2', 'معماری', '1', 'خواهرم رضوان نورزاده', 1, 'شرکت ایرانخودرو\\r\\nشرکت فولاد ناب', '09027332868', '09027332868', 'اسکو-خ بهشتی-کوی چنار- پلاک۴۶', '1709897635.jpg', '2021-12-01 02:41:23', '2020-06-11 09:29:10', '2020-06-11 09:29:10'),
(130, 'فهیمه', 'برزگر پوردین آباد', '1699456348', '1363', 0, 1, '', '0', '1', '', '1', '', 1, '5 سال در قسمت کیک', '09141104153', '04133412964', 'آذربایجانشرقی- ایلخچی- خیابان مولوی- مسکن مهر', '1699456348.jpg', '2021-12-01 02:41:23', '2020-06-22 09:29:10', '2020-06-22 09:29:10'),
(131, 'ساجده', 'چاپارزاده فسقندیس', '1700065823', '1371', 0, 0, 'بازنشسته امورمالیاتی', '0', '4', 'فوق لیسانس مهندسی نرم افزار', '2', 'آقای هوشنگ چاپارزاده فسقندیس', 1, 'آموزگار مدارس غیر دولتی به مدت سه سال و سابقه بیمه تأمین اجتمایی جمعاً بمدت پنج سال', '09147665769', '09147665769', 'اسکو-شهرک ولیعصر-فلکه دوم-خیابان فرهنگیان-پلاک191', '1700065823.jpg', '2021-12-01 02:41:23', '2020-07-08 09:29:10', '2020-07-08 09:29:10'),
(132, 'مریم', 'اصلانی', '1381089364', '1364', 0, 0, 'بیکار', '0', '4', 'علوم تربیتی', '1', 'پدرام ملکی', 0, '', '09363299707', '09363299707', 'خ انقلاب کوچه اقبال 2پلام14', '1381089364.jpg', '2021-12-01 02:41:23', '2020-07-16 09:29:10', '2020-07-16 09:29:10'),
(133, 'زینب', 'اسماعیل پور', '1381818341', '1364', 0, 0, 'فوت کرده', '0', '4', 'علوم ورزشی', '2', 'مریم اصلانی', 0, '', '09037536295', '09037536295', 'خیابان انقلاب کوچه اقبال2پلاک18', '1381818341.jpg', '2021-12-01 02:41:23', '2020-07-16 09:29:10', '2020-07-16 09:29:10'),
(134, 'مرتضی', 'اکبریان', '1361298091', '1372', 1, 1, 'آزاد', '0', '4', 'برق', '2', 'حاجی پور', 1, 'شش ماه', '09149955641', '09149955641', 'تبریز خ مفتح کوچه افتخاری', '1361298091.jpg', '2021-12-01 02:41:23', '2020-07-28 09:29:10', '2020-07-28 09:29:10'),
(135, 'مهسا', 'خاکپور', '1362667791', '1378', 0, 1, 'حسابدار', '0', '4', 'مهندسی ژنتیک', '2', '', 1, 'تدریس\\r\\nمشاوره تحصیلی\\r\\nآشنایی کامل با کامپیوتر\\r\\nمسلط به زبان انگلیسی', '09928569418', '۰۹۹۲۸۵۶۹۴۱۸', 'تبریز', '1362667791.jpg', '2021-12-01 02:41:23', '2020-08-15 09:29:10', '2020-08-15 09:29:10'),
(136, 'محمد', 'موسائی', '1377512525', '136', 1, 0, 'بازنشسته', '0', '2', 'علوم تجربی', '1', 'حسین موسائی', 1, 'ایران شکلات چیچک  ۶سال  مسئول خط تافی مغزدار  تافی ترش خامه ای  و آشنایی با نارگیل بیسکویت ویفر شکلات', '09381521100', '09381521100', 'تبریز خیابان ثقه الاسلام کافه آقاجان پلاک۹۰', '1377512525.jpg', '2021-12-01 02:41:23', '2020-08-18 09:29:10', '2020-08-18 09:29:10'),
(137, 'حانیه', 'رهنمائی', '1361428414', '1373', 0, 1, 'بازنشسته', '0', '2', 'معماری', '1', 'حانیه رهنمائی', 1, 'صنایع غذایی ویک', '09146552951', '09146552951', 'سهند فاز دو مساکن مهر مجتمع مهستان بلوک 5 غربی طبقه چهار واحد میانی', '1361428414.jpg', '2021-12-01 02:41:23', '2020-08-24 09:29:10', '2020-08-24 09:29:10'),
(138, 'سعید', 'ذبیحی خسروشاهی', '1700035126', '1369', 1, 1, 'بازنشسته', '0', '4', 'برق - کنترل', '1', 'محمد نصراللهی', 1, 'شرکت بستنی اطمینان - پشمک حاچ عبالله - و سابقه کار پیمانکاری', '09145761007', '09145761007', 'تبریز - خسروشاه - خیابان شهید بهشتی', '1700035126.jpg', '2021-12-01 02:41:23', '2020-08-25 09:29:10', '2020-08-25 09:29:10'),
(139, 'بهنام', 'واحد', '1360305254', '1369', 1, 0, 'مستمری بگیر', '0', '4', 'برق', '1', '', 1, 'کارهای آزاد درقسمت برق و تعمیرات لوازم خانگی', '09148149236', '09148149236', 'تبریز خیابان منتظری کوچه مقصودپور پلاک۲۳', '1360305254.jpg', '2021-12-01 02:41:23', '2020-09-03 09:29:10', '2020-09-03 09:29:10'),
(140, 'حبیبه', 'استادی', '1381067298', '1363', 0, 0, 'کارگر ساختمان', '0', '2', 'علوم تجربی', '1', 'نظامعلی استادی', 1, 'صنایع غذایی حام', '09142443824', '32882138', 'خ آخونی', '1381067298.jpg', '2021-12-01 02:41:23', '2020-09-13 09:29:10', '2020-09-13 09:29:10'),
(141, 'مهسا', 'نادری عزیزکندی', '1362337846', '1313', 0, 0, 'نجار', '0', '3', 'حسابداری', '1', 'مهدی موحدی', 0, '', '09149100765', '09303274479', 'شهرک لاهیجان خیابان امام حسن منزل شخصی', '1362337846.jpg', '2021-12-01 02:41:23', '2020-09-17 09:29:10', '2020-09-17 09:29:10'),
(142, 'رضوان', 'محبی', '5459964059', '1364', 0, 1, 'کشاورز', '0', '2', 'انسانی', '1', 'ندارد', 0, 'ندارد', '09147776718', '09147776718', 'سهند_فاز۲_نگین ۱', '5459964059.jpg', '2021-12-01 02:41:23', '2020-09-28 10:29:10', '2020-09-28 10:29:10'),
(143, 'مریم', 'عبدالهی', '1362330302', '1377', 0, 1, 'بازنشسته', '0', '4', 'بهداشت مواد غذایی', '2', 'محمدرضا عبدالهی', 1, '10 ماه سابقه کار در قسمت تولیدی کارخانه صنایع غذایی', '09052358804', '09052358804', 'سهند فاز 2 هشتگرد 5 فرعی 8', '1362330302.jpg', '2021-12-01 02:41:23', '2020-10-31 10:29:10', '2020-10-31 10:29:10'),
(144, 'محمد علی', 'نصیری بیرامی', '1708774890', '1359', 1, 1, 'مرحوم', '0', '2', 'ریاضی', '1', 'آرزو رشید زاده', 1, 'تعمیر کار و برق کاری دستگاه های شرکت سازه برتر آذران و تاسیساتی به صورت آزاد', '09363396835', '32448609', 'خسرو شاه . خیابان رسالت . کوچه ستایش', '1708774890.jpg', '2021-12-01 02:41:23', '2020-11-13 10:29:10', '2020-11-13 10:29:10'),
(145, 'کبری', 'گوزل زاده', '6049981914', '1367', 0, 0, 'آزاد', '0', '2', 'برنامه نویسی کامپیوتر', '1', 'محمدمرادی', 1, '3سال ایران شکلات ۶ماه شوکوماد', '09902235491', '۰۹۹۰۲۲۳۵۴۹۱', 'تبریزنصف راه', '6049981914.jpg', '2021-12-01 02:41:23', '2020-11-17 10:29:10', '2020-11-17 10:29:10'),
(146, 'میلاد', 'حجابی خسرقی', '1700126571', '1374', 1, 0, 'بازنشسته نیروی هوائی', '0', '4', 'حقوق', '1', 'آقای کرمزاده', 1, 'فولاد مهر سهند', '09146308321', '04133226589', 'شهرستان اسکو - خیابان امام خمینی - کوچه دوازده متری شهید رزم افروز - شش متری دوم', '1700126571.jpg', '2021-12-01 02:41:23', '2020-11-26 10:29:10', '2020-11-26 10:29:10'),
(147, 'میررضا', 'موسوی صولت آباد', '1361492295', '1373', 1, 0, 'کارمند', '0', '4', 'علوم اقتصادی', '2', 'میراحمد موسوی', 1, 'آبکاری', '09147590338', '09147590338', 'تبریز بلوار آذربایجان مابین چهارراه حجتی و بهار آذربایجان32 کوچه جم پلاک 22', '1361492295.jpg', '2021-12-01 02:41:23', '2020-11-29 10:29:10', '2020-11-29 10:29:10'),
(148, 'مرتضی', 'نورزاده', '1709823216', '1363', 1, 1, 'شغل ازاد', '0', '4', 'مهندسی نرم افزار کامپیوتر', '1', '', 1, 'صنایع غذایی ایران شکلات-شرکت صبح پارلار اسیا-خدمات غذایی هتل لاله کندوان-دوره پیمانی (5 سال)در نیروی دریایی ارتش', '09307729536', '09307729536', 'تبریز-اسکو-کوچه ثامن الامه-بن بست امام-منزل شخصی', '1709823216.jpg', '2021-12-01 02:41:23', '2020-12-04 10:29:10', '2020-12-04 10:29:10'),
(149, 'احسان', 'فیاضی میلانی', '1361797169', '1374', 1, 0, 'بازنشسته', '0', '4', 'هیدرولیک', '2', 'سرهنگ کریم فیاضی میلانی', 1, 'در یک شرکت بازرگانی فغالیت نموده ام', '09372968145', '04134391755', 'تبریز-نصف راه-کوی فیروز-کوی سقراط9 -بن بست 7-پ23-ط اول', '1361797169.png', '2021-12-01 02:41:23', '2020-12-13 10:29:10', '2020-12-13 10:29:10'),
(150, 'بهنام', 'طهماسبی زاده', '1360975810', '1371', 1, 0, 'راننده', '0', '4', 'شیمی کاربردی', '6', '', 0, '', '09910251842', '09910251842', 'تبریز اخر گلشهر کوی شمس خیابان ده متری پ دو', '1360975810.jpg', '2021-12-01 02:41:23', '2021-01-04 10:29:10', '2021-01-04 10:29:10'),
(151, 'پریسا', 'پورمحمد', '1363199218', '1381', 0, 0, 'کارگر', '0', '2', '', '1', '', 0, '', '09355876869', '09355876869', 'شهرک اندیشه خیابان نظام مهندسی انتهای خیابان تختی مجتمع کادوس بلوک E طبقع 3 واحد 4', '1363199218.jpg', '2021-12-01 02:41:23', '2021-01-05 10:29:10', '2021-01-05 10:29:10'),
(152, 'محمد', 'غمگین پور', '2709373742', '1359', 1, 1, 'دبیر', '0', '4', 'مدیریت مالی', '2', '', 1, 'شرکت پخش سایه سمن ( محصولات سن ایچ)', '09195271229', '09195271229', 'تهران فاطمی', '2709373742.jpg', '2021-12-01 02:41:23', '2021-01-12 10:29:10', '2021-01-12 10:29:10'),
(153, 'اکرم', 'مرادپور', '1382189788', '1365', 0, 0, 'بازنشسته قالیبافی', '0', '2', 'انسانی', '1', 'علی باغبان رضوان', 0, '', '09147895535', '09147895535', 'تبریز خیابان قطرانشمالی خیابان باهنر۲کوچه شهید پاشایی کوی خوش منش پلاک ۱۲۱', '1382189788.jpg', '2021-12-01 02:41:23', '2021-01-18 10:29:10', '2021-01-18 10:29:10'),
(154, 'مهدیه', 'حیدری طاهر', '1376084856', '1364', 0, 0, 'آزد', '0', '2', 'انسانی', '1', 'محمدرضا عسگرزاده', 0, '', '09395268197', '09395268197', 'خ شمس تبریزی ک ستارخان پ 60', '1376084856.jpg', '2021-12-01 02:41:23', '2021-01-18 10:29:10', '2021-01-18 10:29:10'),
(155, 'آنیما', 'فتحی', '3810353558', '1373', 0, 0, 'فوت شده', '0', '2', 'انسانی', '1', 'سارا عابدین بقایی', 0, '', '09222672254', '09222672254', 'سهند، فاز دو،میدان معلم، مجتمع الهیه', '3810353558.jpg', '2021-12-01 02:41:23', '2021-01-20 10:29:10', '2021-01-20 10:29:10'),
(156, 'بهاره', 'یوسفی', '1361307099', '1372', 0, 1, 'فوت شده', '0', '4', 'جامعه شناسی', '1', '', 1, '۱.خط تولید و بسته بندی دستمال کاغذی\\r\\n۲.اپراتور دستگاه تزریق پلاستیک\\r\\n۳.بسته بندی محصولات پلاستیکی', '09370282568', '09370282568', 'تبریز، رسالت، کوی اقبال آذر، مجتمع شهید شایانمهر', '1361307099.jpg', '2021-12-01 02:41:23', '2021-01-23 10:29:10', '2021-01-23 10:29:10'),
(157, 'ابوالفضل', 'محمودنژاد رومیانی', '1698647451', '1356', 1, 1, 'بازنشسته بهداشت درمان', '0', '4', 'مهندسی صنایع غذایی', '6', 'سیدرفیع نبوی', 1, 'درشرکت نمک آیسل به عنوان مدیرکنترل کیفی ومسئول آزمایشگاه ومسئول فنی بودم درشرکت دمنوش آذر به عنوان مدیرتولید ومسئول آزمایشگاه  ومسئول فنی وکنترل کیفی وبیسکوئیت آلقو وعسل افشان کنترل کیفی', '09147398758', '09147398758', 'آذرشهر-شهرک ولیعصر خ رسالت مجتمع مسکونی نساجی بلوک 3', '1698647451.jpg', '2021-12-01 02:41:23', '2021-02-02 10:29:10', '2021-02-02 10:29:10'),
(158, 'ابوالفضل', 'آقابابائ', '1371792590', '1374', 1, 0, 'بازنشسته', '0', '1', 'صنایع فلزی', '1', '', 1, 'شرکت صنایع غذای شاهین ماکارون.شرکت شرین لذیذتبریز', '09147827028', '۰۹۱۴۷۸۲۷۰۲۸', 'سهند فاز۲مساکن مهر مجتمع مسکونی مهر۱', '1371792590.jpg', '2021-12-01 02:41:23', '2021-02-05 10:29:10', '2021-02-05 10:29:10'),
(159, 'زهرا', 'مهدوان', '1361709960', '1374', 0, 0, 'بازنشسته', '0', '4', 'گرافیک', '1', 'ارسلان مهدوان', 1, 'سابقه کاری در شرکت اپراتور امداد خودرو سایپا را دارم', '09148763857', '09148763857', 'تبریز خ پاسداران شهرک رضوانشهر بلوک ۱ ده متری۱۲ پلاک ۹', '1361709960.jpg', '2021-12-01 02:41:23', '2021-04-03 09:29:10', '2021-04-03 09:29:10'),
(160, 'معصومه', 'شمسی اسفنجانی', '1362158666', '1376', 0, 0, 'راننده مینی بوس', '0', '4', 'اقتصادبازرگانی', '1', 'رقیه غیاثی اسفنجانی', 0, '', '09021789940', '34434215', 'تبریز_چهارراه لاله_جلالیه _کوچه شهیدبابایی_پلاک26', '1362158666.jpg', '2021-12-01 02:41:23', '2021-04-04 09:29:10', '2021-04-04 09:29:10'),
(161, 'سمیه', 'احدی', '5070132202', '1313', 0, 1, 'آزاد', '0', '2', 'کامپیوتر', '3', 'ربابه جعفرزاده', 1, 'شرکت ویک و سایر شرکت های خصوصی', '09929970217', '09920970217', 'سهند - فاز سه - مجتمع صبا 6', '5070132202.jpg', '2021-12-01 02:41:23', '2021-04-07 09:29:10', '2021-04-07 09:29:10'),
(162, 'بهناز', 'بابائی اسکوئی', '1381898173', '1366', 0, 1, 'فوت کرده اند', '0', '1', 'علوم انسانی', '1', 'علی میرزا محمد زاده', 1, 'در شرکت گل عسل از سال 1389 تا 1394', '09145688188', '09145688188', 'شهرک اندیشه - کوی آذران 1 - پلاک 133', '1381898173.jpg', '2021-12-01 02:41:23', '2021-05-10 09:29:10', '2021-05-10 09:29:10'),
(163, 'پریا', 'گلی تجرق', '1700064029', '1370', 0, 0, 'کارمندبازنشسته', '0', '4', 'حسابداری', '2', 'حسین گلی تجرق', 1, 'در سه محل بصورت بازاریابی و همچنین بصورت قراردادی در قسمت اداری جمعا  تقریبی 5 سال سابقه فعالیت دارم', '09906570852', '09906570852', 'اسکو خیابان شریعتی کوی صفا پلاک 55', '1700064029.jpg', '2021-12-01 02:41:23', '2021-05-18 09:29:10', '2021-05-18 09:29:10');
INSERT INTO `employments` (`id`, `first_name`, `last_name`, `code`, `year`, `gender`, `marital_status`, `father_job`, `military_status`, `education`, `field`, `willingness_work`, `name_guarantor`, `work_experience`, `work_experience_description`, `mobile`, `phone`, `address`, `photo_path`, `read_at`, `created_at`, `updated_at`) VALUES
(164, 'رامین', 'دادستدچی', '1362168890', '1376', 1, 0, 'بازنشسته', '0', '2', 'ریاضی', '1', '', 0, '', '09364396522', '09364396522', 'خیابان قدس پشت بیمارستان امیرالمؤمنین جنب مسجد چهارده معصوم', '1362168890.jpg', '2021-12-01 02:41:23', '2021-06-01 09:29:10', '2021-06-01 09:29:10'),
(165, 'سجاد', 'اسدی', '1361142333', '1372', 1, 0, 'بازنشسته جهاد کشاورزی', '0', '3', 'مهمانداری هواپیمایی', '1', 'علی اسدی(پدر)', 1, 'شرکت مشمع آذرآبادگان،اموردفتری  بمدت چهارسال', '09020013720', '04133354760', 'تبریز،مارالان خیابان شهیدمنتظری کوچه المهدی سمت راست بن بست دوم پلاک 38', '1361142333.jpg', '2021-12-01 02:41:23', '2021-06-23 09:29:10', '2021-06-23 09:29:10'),
(166, 'محمد', 'فتحی', '5070223747', '1379', 1, 0, 'ازاد', '0', '2', 'الکترونیک', '4', 'چک معتبر', 1, 'جوشکاری', '09051863669', '09051863669', 'لاهیجان کوی بهداری', '5070223747.jpg', '2021-12-01 02:41:23', '2021-06-30 09:29:10', '2021-06-30 09:29:10'),
(167, 'وحید', 'وکیلی', '5040178697', '1372', 1, 1, 'بنا', '0', '4', 'حسابداری مالی', '2', '', 1, '', '09118366108', '09118366108', 'تبریز', '5040178697.jpg', '2021-12-01 02:41:23', '2021-07-06 09:29:10', '2021-07-06 09:29:10'),
(168, 'امیر', 'کیتی بان کلجاهی', '1700067834', '1371', 1, 0, 'مهندس برق', '0', '4', 'مهندسی علوم و صنایع غذایی', '6', '', 1, 'از سال98 تا 99 مسول فنی شرکت طنین سلامت تولید کننده پاپکورن و ویفر از سال 99 تا به حال کنترل کیفی خطوط بیسکویت از جمله کرم مانژ لیوانی عینکی دایجستیو والس ویفر شکلاتی انواع ویفر ها... در یکی از کارخانه های معتبر', '09142994152', '09142994152', 'اسکو کلجاه 12 متری البرز کوچه الوند پلاک 311', '1700067834.jpg', '2021-12-01 02:41:23', '2021-07-12 09:29:10', '2021-07-12 09:29:10'),
(169, 'امیر', 'جعفری زاد بحری', '1361125314', '1371', 1, 1, 'آرایشگر', '0', '4', 'فوق لیسانس مدیریت بازرگانی', '2', '', 1, 'در شغل های حسابداری و فروش', '09147740568', '09147740568', 'سهند فاز 4', '1361125314.jpg', '2021-12-01 02:41:23', '2021-09-14 09:29:10', '2021-09-14 09:29:10'),
(170, 'رضا', 'عزیزپور', '1382745526', '1364', 1, 1, 'بازنشته', '0', '4', 'مهندس صنایع', '7', 'پدرم', 1, 'شرکت زمزم کنترل کیفی،انبارداری،برنامه ریزی،اپراتور،شرکت پارلارالکترونیک کار', '09391268672', '09146401626', 'شهرسهندفاز۲هشتگرد فرعی ۵ ساختمان یاس', '1382745526.jpg', '2021-12-01 02:41:23', '2021-10-18 10:29:10', '2021-10-18 10:29:10'),
(171, 'مینا', 'خادم مدرسه', '1137597677', '1361', 0, 1, 'بازنشسته ارتش', '0', '1', '', '1', 'رهنمایی', 0, '', '09923137127', '04133432653', 'سهند فاز 2 مجتمع کاج', '1137597677.jpg', '2021-12-01 02:41:23', '2021-10-24 10:29:10', '2021-10-24 10:29:10'),
(172, 'ناصر', 'محمدی', '5199837206', '1365', 1, 1, '', '0', '2', 'علوم انسانی', '1', 'روح اله بدلی', 1, '۹سال', '09148371365', '09148371365', 'شهرک اندیشه_ خ پرورش_ کوی فرشته ۲_ ساختمان طلائیه ۱۰', '5199837206.jpg', '2021-12-01 02:41:23', '2021-10-26 10:29:10', '2021-10-26 10:29:10'),
(173, 'ملیکا', 'امینی', '4501415554', '1362', 0, 0, ' آزاد', '0', '4', 'کامپیوتر - نرم افزار', '5', 'پدرم', 0, 'شرکت ویک تولید کننده محصولات ویک , کریشنا , احلام به منظور تصدی پست های سازمانی از افراد خلاق، علاقمند جهت همکاری دعوت می نماید.', '09372558832', '09332095643', 'شرکت ویک تولید کننده محصولات ویک , کریشنا , احلام به منظور تصدی پست های سازمانی از افراد خلاق، علاقمند جهت همکاری دعوت می نماید.', '16383416303411.jpg', NULL, '2021-12-01 03:23:50', '2021-12-01 03:23:50');

-- --------------------------------------------------------

--
-- Table structure for table `failed_jobs`
--

CREATE TABLE `failed_jobs` (
  `id` bigint(20) UNSIGNED NOT NULL,
  `uuid` varchar(255) COLLATE utf8mb4_unicode_ci NOT NULL,
  `connection` text COLLATE utf8mb4_unicode_ci NOT NULL,
  `queue` text COLLATE utf8mb4_unicode_ci NOT NULL,
  `payload` longtext COLLATE utf8mb4_unicode_ci NOT NULL,
  `exception` longtext COLLATE utf8mb4_unicode_ci NOT NULL,
  `failed_at` timestamp NOT NULL DEFAULT current_timestamp()
) ENGINE=InnoDB DEFAULT CHARSET=utf8mb4 COLLATE=utf8mb4_unicode_ci;

-- --------------------------------------------------------

--
-- Table structure for table `licenses`
--

CREATE TABLE `licenses` (
  `username` varchar(128) COLLATE utf8mb4_unicode_ci NOT NULL,
  `expires_at` timestamp NOT NULL DEFAULT '2022-11-30 02:33:11',
  `created_at` timestamp NULL DEFAULT NULL,
  `updated_at` timestamp NULL DEFAULT NULL
) ENGINE=InnoDB DEFAULT CHARSET=utf8mb4 COLLATE=utf8mb4_unicode_ci;

--
-- Dumping data for table `licenses`
--

INSERT INTO `licenses` (`username`, `expires_at`, `created_at`, `updated_at`) VALUES
('aban', '2021-12-01 04:24:36', '2021-12-01 03:24:36', '2021-12-01 03:24:36'),
('azar', '2022-12-01 03:24:47', '2021-12-01 03:24:47', '2021-12-01 03:24:47');

-- --------------------------------------------------------

--
-- Table structure for table `likes`
--

CREATE TABLE `likes` (
  `id` bigint(20) UNSIGNED NOT NULL,
  `product_id` bigint(20) UNSIGNED NOT NULL,
  `ip_address` varchar(64) COLLATE utf8mb4_unicode_ci NOT NULL
) ENGINE=InnoDB DEFAULT CHARSET=utf8mb4 COLLATE=utf8mb4_unicode_ci;

--
-- Dumping data for table `likes`
--

INSERT INTO `likes` (`id`, `product_id`, `ip_address`) VALUES
(5, 24, '127.0.0.1'),
(6, 23, '127.0.0.1'),
(7, 22, '127.0.0.1'),
(8, 21, '127.0.0.1'),
(9, 20, '127.0.0.1'),
(10, 19, '127.0.0.1'),
(11, 18, '127.0.0.1'),
(12, 17, '127.0.0.1'),
(13, 34, '127.0.0.1'),
(14, 33, '127.0.0.1'),
(15, 32, '127.0.0.1'),
(16, 31, '127.0.0.1'),
(17, 30, '127.0.0.1'),
(18, 29, '127.0.0.1'),
(19, 28, '127.0.0.1'),
(20, 40, '127.0.0.1'),
(21, 39, '127.0.0.1'),
(22, 38, '127.0.0.1'),
(23, 37, '127.0.0.1'),
(24, 36, '127.0.0.1'),
(25, 35, '127.0.0.1'),
(26, 55, '127.0.0.1'),
(27, 54, '127.0.0.1'),
(28, 53, '127.0.0.1'),
(29, 52, '127.0.0.1'),
(30, 51, '127.0.0.1'),
(31, 50, '127.0.0.1'),
(32, 49, '127.0.0.1'),
(33, 48, '127.0.0.1'),
(34, 47, '127.0.0.1'),
(35, 75, '127.0.0.1'),
(36, 74, '127.0.0.1'),
(37, 73, '127.0.0.1'),
(38, 72, '127.0.0.1'),
(39, 71, '127.0.0.1'),
(40, 70, '127.0.0.1'),
(41, 69, '127.0.0.1'),
(42, 68, '127.0.0.1'),
(43, 67, '127.0.0.1'),
(44, 66, '127.0.0.1'),
(45, 65, '127.0.0.1'),
(46, 64, '127.0.0.1');

-- --------------------------------------------------------

--
-- Table structure for table `migrations`
--

CREATE TABLE `migrations` (
  `id` int(10) UNSIGNED NOT NULL,
  `migration` varchar(255) COLLATE utf8mb4_unicode_ci NOT NULL,
  `batch` int(11) NOT NULL
) ENGINE=InnoDB DEFAULT CHARSET=utf8mb4 COLLATE=utf8mb4_unicode_ci;

--
-- Dumping data for table `migrations`
--

INSERT INTO `migrations` (`id`, `migration`, `batch`) VALUES
(1, '0000_00_00_000000_create_websockets_statistics_entries_table', 1),
(2, '2014_10_12_000000_create_users_table', 1),
(3, '2014_10_12_100000_create_password_resets_table', 1),
(4, '2014_10_12_200000_add_two_factor_columns_to_users_table', 1),
(5, '2019_08_19_000000_create_failed_jobs_table', 1),
(6, '2019_12_14_000001_create_personal_access_tokens_table', 1),
(7, '2020_05_21_100000_create_teams_table', 1),
(8, '2020_05_21_200000_create_team_user_table', 1),
(9, '2020_05_21_300000_create_team_invitations_table', 1),
(10, '2021_11_01_050743_create_sessions_table', 1),
(11, '2021_11_01_120915_create_categories_table', 1),
(12, '2021_11_02_185946_create_products_table', 1),
(13, '2021_11_04_163516_create_settings_table', 1),
(14, '2021_11_05_050033_create_licenses_table', 1),
(15, '2021_11_07_105037_create_representations_table', 1),
(16, '2021_11_10_063410_create_employments_table', 1),
(17, '2021_11_13_081253_create_contacts_table', 1),
(18, '2021_11_14_190816_create_likes_table', 1),
(19, '2021_11_15_185158_create_comments_table', 1),
(20, '2021_11_23_190638_create_permissions_and_roles_tables', 1);

-- --------------------------------------------------------

--
-- Table structure for table `password_resets`
--

CREATE TABLE `password_resets` (
  `email` varchar(255) COLLATE utf8mb4_unicode_ci NOT NULL,
  `token` varchar(255) COLLATE utf8mb4_unicode_ci NOT NULL,
  `created_at` timestamp NULL DEFAULT NULL
) ENGINE=InnoDB DEFAULT CHARSET=utf8mb4 COLLATE=utf8mb4_unicode_ci;

-- --------------------------------------------------------

--
-- Table structure for table `permissions`
--

CREATE TABLE `permissions` (
  `id` bigint(20) UNSIGNED NOT NULL,
  `name` varchar(32) COLLATE utf8mb4_unicode_ci NOT NULL,
  `label` varchar(64) COLLATE utf8mb4_unicode_ci DEFAULT NULL
) ENGINE=InnoDB DEFAULT CHARSET=utf8mb4 COLLATE=utf8mb4_unicode_ci;

--
-- Dumping data for table `permissions`
--

INSERT INTO `permissions` (`id`, `name`, `label`) VALUES
(1, 'settings:edit', 'ویرایش تنظیمات'),
(2, 'product:create', 'ثبت محصول'),
(3, 'product:read', 'خواندن محصول'),
(4, 'product:edit', 'ویرایش محصول'),
(5, 'product:delete', 'حذف محصول'),
(6, 'license:create', 'ثبت لایسنس'),
(7, 'license:read', 'خواندن لایسنس'),
(8, 'license:edit', 'ویرایش لایسنس'),
(9, 'license:delete', 'حذف لایسنس'),
(10, 'slideshow:create', 'ثبت اسلاید'),
(11, 'slideshow:read', 'نمایش اسلاید'),
(12, 'slideshow:edit', 'ویرایش اسلاید'),
(13, 'slideshow:delete', 'حذف اسلاید'),
(14, 'employment:read', 'خواندن درخواست استخدام'),
(15, 'employment:edit', 'ویرایش درخواست استخدام'),
(16, 'employment:delete', 'حذف درخواست استخدام'),
(17, 'representation:read', 'خواندن درخواست نمایندگی'),
(18, 'representation:edit', 'ویرایش درخواست نمایندگی'),
(19, 'representation:delete', 'حذف درخواست نمایندگی'),
(20, 'contact:create', 'پاسخ به تماس با ما'),
(21, 'contact:read', 'خواندن تماس با ما'),
(22, 'contact:edit', 'ویرایش تماس با ما'),
(23, 'contact:delete', 'حذف تماس با ما'),
(24, 'comment:create', 'پاسخ به کامنت'),
(25, 'comment:read', 'خواندن کامنت'),
(26, 'comment:edit', 'ویرایش کامنت'),
(27, 'comment:delete', 'حذف کامنت'),
(28, 'comment:upproved', 'تایید یا عدم تایید کامنت');

-- --------------------------------------------------------

--
-- Table structure for table `permission_role`
--

CREATE TABLE `permission_role` (
  `permission_id` bigint(20) UNSIGNED NOT NULL,
  `role_id` bigint(20) UNSIGNED NOT NULL
) ENGINE=InnoDB DEFAULT CHARSET=utf8mb4 COLLATE=utf8mb4_unicode_ci;

--
-- Dumping data for table `permission_role`
--

INSERT INTO `permission_role` (`permission_id`, `role_id`) VALUES
(1, 1),
(2, 1),
(3, 1),
(4, 1),
(5, 1),
(6, 1),
(7, 1),
(8, 1),
(9, 1),
(10, 1),
(11, 1),
(12, 1),
(13, 1),
(14, 1),
(14, 2),
(15, 1),
(16, 1),
(17, 1),
(18, 1),
(19, 1),
(20, 1),
(21, 1),
(22, 1),
(23, 1),
(24, 1),
(25, 1),
(26, 1),
(27, 1),
(28, 1);

-- --------------------------------------------------------

--
-- Table structure for table `permission_user`
--

CREATE TABLE `permission_user` (
  `permission_id` bigint(20) UNSIGNED NOT NULL,
  `user_id` bigint(20) UNSIGNED NOT NULL
) ENGINE=InnoDB DEFAULT CHARSET=utf8mb4 COLLATE=utf8mb4_unicode_ci;

-- --------------------------------------------------------

--
-- Table structure for table `personal_access_tokens`
--

CREATE TABLE `personal_access_tokens` (
  `id` bigint(20) UNSIGNED NOT NULL,
  `tokenable_type` varchar(255) COLLATE utf8mb4_unicode_ci NOT NULL,
  `tokenable_id` bigint(20) UNSIGNED NOT NULL,
  `name` varchar(255) COLLATE utf8mb4_unicode_ci NOT NULL,
  `token` varchar(64) COLLATE utf8mb4_unicode_ci NOT NULL,
  `abilities` text COLLATE utf8mb4_unicode_ci DEFAULT NULL,
  `last_used_at` timestamp NULL DEFAULT NULL,
  `created_at` timestamp NULL DEFAULT NULL,
  `updated_at` timestamp NULL DEFAULT NULL
) ENGINE=InnoDB DEFAULT CHARSET=utf8mb4 COLLATE=utf8mb4_unicode_ci;

-- --------------------------------------------------------

--
-- Table structure for table `products`
--

CREATE TABLE `products` (
  `id` bigint(20) UNSIGNED NOT NULL,
  `code` varchar(16) COLLATE utf8mb4_unicode_ci NOT NULL,
  `category_id` bigint(20) UNSIGNED DEFAULT NULL,
  `name_fa` varchar(128) COLLATE utf8mb4_unicode_ci NOT NULL,
  `name_en` varchar(128) COLLATE utf8mb4_unicode_ci NOT NULL,
  `slug` varchar(256) COLLATE utf8mb4_unicode_ci NOT NULL,
  `weight` smallint(5) UNSIGNED NOT NULL,
  `number` smallint(5) UNSIGNED NOT NULL,
  `price` varchar(128) COLLATE utf8mb4_unicode_ci NOT NULL,
  `photo_path` varchar(255) COLLATE utf8mb4_unicode_ci NOT NULL,
  `view_count` int(11) NOT NULL DEFAULT 0,
  `comment_count` int(11) NOT NULL DEFAULT 0,
  `like` int(11) NOT NULL DEFAULT 0,
  `created_at` timestamp NULL DEFAULT NULL,
  `updated_at` timestamp NULL DEFAULT NULL
) ENGINE=InnoDB DEFAULT CHARSET=utf8mb4 COLLATE=utf8mb4_unicode_ci;

--
-- Dumping data for table `products`
--

INSERT INTO `products` (`id`, `code`, `category_id`, `name_fa`, `name_en`, `slug`, `weight`, `number`, `price`, `photo_path`, `view_count`, `comment_count`, `like`, `created_at`, `updated_at`) VALUES
(1, '03500009', 1, 'نوشیدنی بزرگ آلبالو', 'Sourcherry Drink Big', 'Sourcherry-Drink-Big', 250, 36, '20365', '03500009.png', 0, 0, 0, '2021-12-01 02:38:42', '2021-12-01 02:38:42'),
(2, '03500013', 1, 'نوشیدنی بزرگ انار', 'Pomegranate Drink Big', 'Pomegranate-Drink-Big', 250, 36, '20365', '03500013.png', 0, 0, 0, '2021-12-01 02:38:43', '2021-12-01 02:38:43'),
(3, '03500018', 1, 'نوشیدنی بزرگ هلو', 'Peach Drink Big', 'Peach-Drink-Big', 250, 36, '20365', '03500018.png', 0, 0, 0, '2021-12-01 02:38:44', '2021-12-01 02:38:44'),
(4, '03500008', 1, 'نوشیدنی بزرگ پرتقال', 'Orange Drink Big', 'Orange-Drink-Big', 250, 36, '20365', '03500008.png', 0, 0, 0, '2021-12-01 02:38:45', '2021-12-01 02:38:45'),
(5, '03500011', 1, 'نوشیدنی بزرگ انگور', 'Grape Drink Big', 'Grape-Drink-Big', 250, 36, '20365', '03500011.png', 0, 0, 0, '2021-12-01 02:38:46', '2021-12-01 02:38:46'),
(6, '03500020', 1, 'نوشیدنی بزرگ انگور قرمز', 'Red Grape Drink Big', 'Red-Grape-Drink-Big', 250, 36, '20365', '03500020.png', 0, 0, 0, '2021-12-01 02:38:47', '2021-12-01 02:38:47'),
(7, '03500010', 1, 'نوشیدنی بزرگ سیب', 'Apple Drink Big', 'Apple-Drink-Big', 250, 36, '20365', '03500010.png', 0, 0, 0, '2021-12-01 02:38:48', '2021-12-01 02:38:48'),
(8, '03500007', 1, 'نوشیدنی بزرگ سیب موز', 'Apple Banana Drink Big', 'Apple-Banana-Drink-Big', 250, 36, '20365', '03500007.png', 0, 0, 0, '2021-12-01 02:38:49', '2021-12-01 02:38:49'),
(9, '03500026', 1, 'نوشیدنی آبشار سیب موز', 'Apple Banana Drink', 'Apple-Banana-Drink', 200, 36, '18340', '03500026.png', 0, 0, 0, '2021-12-01 02:38:50', '2021-12-01 02:38:50'),
(10, '03500023', 1, 'نوشیدنی آبشار سیب', 'Apple Drink', 'Apple-Drink', 200, 36, '18340', '03500023.png', 0, 0, 0, '2021-12-01 02:38:51', '2021-12-01 02:38:51'),
(11, '03500024', 1, 'نوشیدنی آبشار پرتقال', 'Orange Drink', 'Orange-Drink', 200, 36, '18340', '03500024.png', 0, 0, 0, '2021-12-01 02:38:52', '2021-12-01 02:38:52'),
(12, '03500027', 1, 'نوشیدنی آبشار انگور', 'Grape Drink', 'Grape-Drink', 200, 36, '18340', '03500027.png', 0, 0, 0, '2021-12-01 02:38:53', '2021-12-01 02:38:53'),
(13, '03500028', 1, 'نوشیدنی آبشار هلو', 'Peach Drink', 'Peach-Drink', 200, 36, '18340', '03500028.png', 0, 0, 0, '2021-12-01 02:38:55', '2021-12-01 02:38:55'),
(14, '03500025', 1, 'نوشیدنی آبشار آلبالو', 'Sourcherry Drink', 'Sourcherry-Drink', 200, 36, '18340', '03500025.png', 0, 0, 0, '2021-12-01 02:38:56', '2021-12-01 02:38:56'),
(15, '035000013', 1, 'نوشیدنی میوه جات', 'Fruit Drink', 'Fruit-Drink', 200, 36, '22000', '035000013.png', 1, 0, 0, '2021-12-01 02:38:57', '2021-12-01 07:10:10'),
(16, '03500022', 1, 'نوشیدنی آلبالو قوطی', 'Sourcherry Drink With Pulp', 'Sourcherry-Drink-With-Pulp', 240, 24, '0', '03500022.png', 0, 0, 0, '2021-12-01 02:38:58', '2021-12-01 02:38:58'),
(17, '03500014', 1, 'نوشیدنی پرتقال قوطی', 'Orange Drink With Pulp', 'Orange-Drink-With-Pulp', 240, 24, '59330', '03500014.png', 4, 0, 1, '2021-12-01 02:38:59', '2021-12-01 07:12:33'),
(18, '03500015', 1, 'نوشیدنی هلو قوطی', 'Peach Drink With Pulp', 'Peach-Drink-With-Pulp', 240, 24, '59330', '03500015.png', 0, 0, 1, '2021-12-01 02:39:00', '2021-12-01 03:15:37'),
(19, '03500016', 1, 'نوشیدنی آناناس قوطی', 'Pineapple Drink With Pulp', 'Pineapple-Drink-With-Pulp', 240, 24, '59330', '03500016.png', 2, 0, 1, '2021-12-01 02:39:01', '2021-12-01 07:12:22'),
(20, '03000007', 1, 'نکتارآناناس', 'Pineapple Nectar', 'Pineapple-Nectar', 200, 36, '28000', '03000007.png', 1, 0, 1, '2021-12-01 02:39:02', '2021-12-01 03:31:45'),
(21, '03000006', 1, 'نکتارهلو', 'Peach Nectar', 'Peach-Nectar', 200, 36, '28000', '03000006.png', 0, 0, 1, '2021-12-01 02:39:03', '2021-12-01 03:15:33'),
(22, '03000008', 1, 'نکتارپرتقال', 'Orange Nectar', 'Orange-Nectar', 200, 36, '28000', '03000008.png', 3, 0, 1, '2021-12-01 02:39:04', '2021-12-01 07:07:30'),
(23, '03000010', 1, 'نکتار سیب', 'Apple Nectar', 'Apple-Nectar', 200, 36, '21500', '03000010.png', 9, 1, 1, '2021-12-01 02:39:05', '2021-12-01 07:38:43'),
(24, '03000009', 1, 'نکتار انبه', 'Mango Nectar', 'Mango-Nectar', 200, 36, '28000', '03000009.png', 21, 2, 1, '2021-12-01 02:39:06', '2021-12-01 07:25:40'),
(25, '03800004', 2, 'بیسکویت عینکی شش تایی', 'Cream Biscuit', 'Cream-Biscuit', 53, 48, '0', '03800004.png', 0, 0, 0, '2021-12-01 02:39:08', '2021-12-01 02:39:08'),
(26, '03800003', 2, 'بیسکویت عینکی ده تایی', '10PCS Cream Biscuit', '10PCS-Cream-Biscuit', 90, 36, '0', '03800003.png', 0, 0, 0, '2021-12-01 02:39:09', '2021-12-01 02:39:09'),
(27, '03800005', 2, 'بیسکویت عینکی هشت تایی', '8PCS Cream Biscuit', '8PCS-Cream-Biscuit', 70, 36, '0', '03800005.png', 0, 0, 0, '2021-12-01 02:39:10', '2021-12-01 02:39:10'),
(28, '03700002', 2, 'بیسکویت روکش دار والس بزرگ', 'Chocolate Biscuit With Marshmallow Cream Big', 'Chocolate-Biscuit-With-Marshmallow-Cream-Big', 30, 60, '12930', '03700002.png', 0, 0, 1, '2021-12-01 02:39:11', '2021-12-01 03:15:54'),
(29, '03700004', 2, 'بیسکویت والس لوکس', 'Marshmallow Lux Biscuit', 'Marshmallow-Lux-Biscuit', 38, 60, '16090', '03700004.png', 0, 0, 1, '2021-12-01 02:39:12', '2021-12-01 03:15:50'),
(30, '03800001', 2, 'بیسکویت کرم مانژ میوهای', 'Cream Manzh Biscuit', 'Cream-Manzh-Biscuit', 110, 50, '0', '03800001.png', 0, 0, 1, '2021-12-01 02:39:13', '2021-12-01 03:15:49'),
(31, '03800006', 2, 'بیسکویت کرمدار لیوانی بزرگ', 'Cream Biscuit Big', 'Cream-Biscuit-Big', 105, 40, '0', '03800006.png', 0, 0, 1, '2021-12-01 02:39:14', '2021-12-01 03:15:48'),
(32, '03800002', 2, 'بیسکویت کرم مانژ کاکاویی', 'Cream Manzh Biscuit', 'Cream-Manzh-Biscuit-2', 110, 50, '0', '03800002.png', 0, 0, 1, '2021-12-01 02:39:15', '2021-12-01 03:15:46'),
(33, '03700003', 2, 'بیسکویت سبوسدار روکش کاکائویی', 'Chocolate Coated Digestive Biscuit', 'Chocolate-Coated-Digestive-Biscuit', 42, 60, '0', '03700003.png', 0, 0, 1, '2021-12-01 02:39:16', '2021-12-01 03:15:45'),
(34, '03600001', 2, 'بیسکویت سبوسدار', 'Digestive Biscuit', 'Digestive-Biscuit', 155, 30, '34570', '03600001.png', 0, 0, 1, '2021-12-01 02:39:17', '2021-12-01 03:15:44'),
(35, '03400005', 3, 'تافی پذیرایی', 'Serving Toffee', 'Serving-Toffee', 350, 12, '191000', '03400005.png', 0, 0, 1, '2021-12-01 02:39:18', '2021-12-01 03:16:05'),
(36, '03400001', 3, 'تافی یک کیلویی', '1KG Toffee', '1KG-Toffee', 1000, 10, '251710', '03400001.png', 0, 0, 1, '2021-12-01 02:39:19', '2021-12-01 03:16:04'),
(37, '03400002', 3, 'تافی نیم کیلویی', '0.5KG Toffee', '0-5KG-Toffee', 500, 12, '133130', '03400002.png', 0, 0, 1, '2021-12-01 02:39:20', '2021-12-01 03:16:03'),
(38, '03400003', 3, 'تافی جعبه استوانه ای', 'Toffee1', 'Toffee1', 0, 0, '0', '03400003.png', 0, 0, 1, '2021-12-01 02:39:21', '2021-12-01 03:16:01'),
(39, '03400006', 3, 'تافی بسته ای', 'Toffee2', 'Toffee2', 250, 24, '64080', '03400006.png', 0, 0, 1, '2021-12-01 02:39:22', '2021-12-01 03:15:59'),
(40, '03400007', 3, 'تافی فله ای 3 کیلویی', '3KG Toffee', '3KG-Toffee', 3000, 4, '738310', '03400007.png', 0, 0, 1, '2021-12-01 02:39:23', '2021-12-01 03:15:59'),
(41, '03200010', 4, 'کیک لایه ای کریشنا', 'Crishna Layer Cake', 'Crishna-Layer-Cake', 40, 60, '12970', '03200010.png', 0, 0, 0, '2021-12-01 02:39:24', '2021-12-01 02:39:24'),
(42, '03200001', 4, 'کیک لایه ای دوبل', 'Double Layer Cake', 'Double-Layer-Cake', 40, 48, '0', '03200001.png', 0, 0, 0, '2021-12-01 02:39:26', '2021-12-01 02:39:26'),
(43, '03200005', 4, 'کیک لایه ای لوکس', 'Lux Layer Cake', 'Lux-Layer-Cake', 65, 60, '18535', '03200005.png', 0, 0, 0, '2021-12-01 02:39:27', '2021-12-01 02:39:27'),
(44, '03200006', 4, 'کیک لایه ای لوکس 36 عددی', 'Lux Layer Cake', 'Lux-Layer-Cake-2', 60, 36, '18535', '03200006.png', 0, 0, 0, '2021-12-01 02:39:28', '2021-12-01 02:39:28'),
(45, '03200013', 4, 'کیک لایه ای کشمشی', 'Raisin Cake', 'Raisin-Cake', 60, 36, '19970', '03200013.png', 0, 0, 0, '2021-12-01 02:39:29', '2021-12-01 02:39:29'),
(46, '03200009', 4, 'کیک لایه ای کوچک', 'Small Layer Cake', 'Small-Layer-Cake', 23, 72, '8400', '03200009.png', 0, 0, 0, '2021-12-01 02:39:30', '2021-12-01 02:39:30'),
(47, '03200003', 4, 'کیک لایه ای کشمشی با کارتن رنگی', 'Raisin Cake', 'Raisin-Cake-2', 60, 36, '20840', '03200003.png', 0, 0, 1, '2021-12-01 02:39:31', '2021-12-01 03:16:21'),
(48, '03200002', 4, 'کیک لایه ای خرمایی', 'Fresh Date Layer Cake', 'Fresh-Date-Layer-Cake', 60, 36, '19970', '03200002.png', 0, 0, 1, '2021-12-01 02:39:32', '2021-12-01 03:16:20'),
(49, '03200012', 4, 'کیک لایه ای نوتلایی لوکس', 'Cocoa Layer Cake', 'Cocoa-Layer-Cake', 60, 36, '22735', '03200012.png', 0, 0, 1, '2021-12-01 02:39:33', '2021-12-01 03:16:19'),
(50, '03200007', 4, 'کیک لایه ای نوتلایی', 'Cocoa Layer Cake', 'Cocoa-Layer-Cake-2', 45, 36, '15970', '03200007.png', 0, 0, 1, '2021-12-01 02:39:34', '2021-12-01 03:16:16'),
(51, '03200014', 4, 'کیک لایه ای کنجدی', 'Sesame Layer Cake', 'Sesame-Layer-Cake', 60, 36, '18535', '03200014.png', 0, 0, 1, '2021-12-01 02:39:35', '2021-12-01 03:16:14'),
(52, '03200004', 4, 'کیک لایه ای خرمایی با کارتن رنگی', 'Date Layer Cake', 'Date-Layer-Cake', 60, 36, '20840', '03200004.png', 0, 0, 1, '2021-12-01 02:39:36', '2021-12-01 03:16:13'),
(53, '03200011', 4, 'کیک لایه ای کنجدی با کارتن رنگی', 'Sesame Layer Cake', 'Sesame-Layer-Cake-2', 60, 36, '0', '03200011.png', 0, 0, 1, '2021-12-01 02:39:37', '2021-12-01 03:16:12'),
(54, '03200020', 4, 'کیک لایه ای وانیل نوتلا', 'Cocoa & Vanilla Layer Cake', 'Cocoa-Vanilla-Layer-Cake', 60, 36, '22735', '03200020.png', 0, 0, 1, '2021-12-01 02:39:38', '2021-12-01 03:16:11'),
(55, '03200022', 4, 'کیک لایه ای دوقلوی احلام', 'Cocoa Cake With Hazelmut', 'Cocoa-Cake-With-Hazelmut', 60, 36, '22065', '03200022.png', 0, 0, 1, '2021-12-01 02:39:39', '2021-12-01 03:16:10'),
(56, '03100001', 5, 'ویفر سوپر مانژ موز', 'Banana Super Manzh Wafer', 'Banana-Super-Manzh-Wafer', 70, 44, '20435', '03100001.png', 0, 0, 0, '2021-12-01 02:39:40', '2021-12-01 02:39:40'),
(57, '03100002', 5, 'ویفر سوپر مانژ نارگیل', 'Coconut Super Manzh Wafer', 'Coconut-Super-Manzh-Wafer', 70, 44, '20435', '03100002.png', 0, 0, 0, '2021-12-01 02:39:42', '2021-12-01 02:39:42'),
(58, '03100003', 5, 'ویفر سوپر مانژ پرتقال', 'Orange Super Manzh Wafer', 'Orange-Super-Manzh-Wafer', 70, 44, '20435', '03100003.png', 0, 0, 0, '2021-12-01 02:39:43', '2021-12-01 02:39:43'),
(59, '03100004', 5, 'ویفر سوپر مانژ توت فرنگی', 'Strawberry Super Manzh Wafer', 'Strawberry-Super-Manzh-Wafer', 70, 44, '20435', '03100004.png', 0, 0, 0, '2021-12-01 02:39:44', '2021-12-01 02:39:44'),
(60, '03100005', 5, 'ویفر سوپر مانژ کاکائویی', 'Cocoa Super Manzh Wafer', 'Cocoa-Super-Manzh-Wafer', 70, 44, '20435', '03100005.png', 0, 0, 0, '2021-12-01 02:39:45', '2021-12-01 02:39:45'),
(61, '03100006', 5, 'ویفر پذیرایی لوکس کاکائویی', 'Cocoa Serving Wafer', 'Cocoa-Serving-Wafer', 38, 80, '12055', '03100006.png', 0, 0, 0, '2021-12-01 02:39:46', '2021-12-01 02:39:46'),
(62, '03100015', 5, 'ویفر پذیرایی میوه ای', 'Fruity Serving Wafer', 'Fruity-Serving-Wafer', 35, 80, '11205', '03100015.png', 0, 0, 0, '2021-12-01 02:39:47', '2021-12-01 02:39:47'),
(63, '03100008', 5, 'ویفر مانژ لوکس', 'Lux Manzh Wafer', 'Lux-Manzh-Wafer', 40, 60, '13125', '03100008.png', 0, 0, 0, '2021-12-01 02:39:48', '2021-12-01 02:39:48'),
(64, '03100009', 5, 'ویفر مینی سوپر کاکائویی', 'Cocoa Mini Super Wafer', 'Cocoa-Mini-Super-Wafer', 35, 72, '0', '03100009.png', 0, 0, 1, '2021-12-01 02:39:49', '2021-12-01 03:16:39'),
(65, '03100011', 5, 'ویفر سوپر پذیرایی مولتی', 'Multi Super Serving Wafer', 'Multi-Super-Serving-Wafer', 65, 60, '22570', '03100011.png', 0, 0, 1, '2021-12-01 02:39:50', '2021-12-01 03:16:37'),
(66, '03100012', 5, 'ویفر میوه ای', 'Fruity Wafer', 'Fruity-Wafer', 25, 120, '7300', '03100012.png', 0, 0, 1, '2021-12-01 02:39:51', '2021-12-01 03:16:37'),
(67, '03100013', 5, 'ویفر کاکائویی', 'Cocoa Wafer', 'Cocoa-Wafer', 25, 120, '7300', '03100013.png', 0, 0, 1, '2021-12-01 02:39:52', '2021-12-01 03:16:35'),
(68, '03100020', 5, 'ویفر سوپر پذیرایی کاکائویی', 'Cocoa Super Serving Wafer', 'Cocoa-Super-Serving-Wafer', 60, 60, '19530', '03100020.png', 0, 0, 1, '2021-12-01 02:39:53', '2021-12-01 03:16:34'),
(69, '03100023', 5, 'ویفر سوپر پذیرایی میوه ای', 'Fruity Super Serving Wafer', 'Fruity-Super-Serving-Wafer', 55, 60, '15855', '03100023.png', 0, 0, 1, '2021-12-01 02:39:54', '2021-12-01 03:16:33'),
(70, '03100021', 5, 'ویفر دورنگ', 'Double Flavour Wafer', 'Double-Flavour-Wafer', 165, 24, '49250', '03100021.png', 0, 0, 1, '2021-12-01 02:39:55', '2021-12-01 03:16:31'),
(71, '03100022', 5, 'ویفر میلک مور', 'Milk More Wafer', 'Milk-More-Wafer', 75, 40, '22050', '03100022.png', 0, 0, 1, '2021-12-01 02:39:56', '2021-12-01 03:16:30'),
(72, '03100024', 5, 'ویفر بزرگ', 'Big Wafer', 'Big-Wafer', 100, 40, '30520', '03100024.png', 0, 0, 1, '2021-12-01 02:39:57', '2021-12-01 03:16:29'),
(73, '03100019', 5, 'ویفر شکلاتی بزرگ', 'Cocoa Coated Wafer', 'Cocoa-Coated-Wafer', 37, 120, '21630', '03100019.png', 0, 0, 1, '2021-12-01 02:39:58', '2021-12-01 03:16:28'),
(74, '03100010', 5, 'ویفر شکلاتی احلام', 'Wafer With Cocoa & Cream', 'Wafer-With-Cocoa-Cream', 28, 162, '16800', '03100010.png', 0, 0, 1, '2021-12-01 02:39:59', '2021-12-01 03:16:27'),
(75, '03100025', 5, 'ویفر هاوین', 'Havin Wafer', 'Havin-Wafer', 430, 9, '138360', '03100025.png', 0, 0, 1, '2021-12-01 02:40:01', '2021-12-01 03:16:26');

-- --------------------------------------------------------

--
-- Table structure for table `representations`
--

CREATE TABLE `representations` (
  `id` bigint(20) UNSIGNED NOT NULL,
  `locale` varchar(2) COLLATE utf8mb4_unicode_ci NOT NULL DEFAULT 'fa',
  `name` varchar(32) COLLATE utf8mb4_unicode_ci NOT NULL,
  `company_name` varchar(64) COLLATE utf8mb4_unicode_ci NOT NULL,
  `city` varchar(32) COLLATE utf8mb4_unicode_ci NOT NULL,
  `phone` varchar(32) COLLATE utf8mb4_unicode_ci NOT NULL,
  `address` varchar(128) COLLATE utf8mb4_unicode_ci NOT NULL,
  `description` text COLLATE utf8mb4_unicode_ci DEFAULT NULL COMMENT 'Length is 512',
  `read_at` timestamp NULL DEFAULT NULL,
  `created_at` timestamp NULL DEFAULT NULL,
  `updated_at` timestamp NULL DEFAULT NULL
) ENGINE=InnoDB DEFAULT CHARSET=utf8mb4 COLLATE=utf8mb4_unicode_ci;

--
-- Dumping data for table `representations`
--

INSERT INTO `representations` (`id`, `locale`, `name`, `company_name`, `city`, `phone`, `address`, `description`, `read_at`, `created_at`, `updated_at`) VALUES
(1, 'fa', 'علیرضا گورکی فرد', 'عامل پخش', 'بوشهر', '09386437979', 'بوشهر', '', '2021-12-01 02:40:02', '2018-06-28 09:29:10', '2018-06-28 09:29:10'),
(2, 'fa', 'محمد ذياب', 'مكتب الامير', 'العراق بغداد', '009647721083459', 'العراق بغداد', 'السلام عليكم انا من العراق أرغب التعامل مع شركتكم ممكن تفاصيل المنتجات ارجو الرد', '2021-12-01 02:40:02', '2018-08-11 09:29:10', '2018-08-11 09:29:10'),
(3, 'fa', 'میثم توکلی', 'پخش سپهر', 'کاشان', '09139636825', 'کاشان میدان زجاجی ابتدای جاده قدیم آران و بیدگل.جنب میدان میوه و تره بار', '', '2021-12-01 02:40:02', '2018-10-02 10:29:10', '2018-10-02 10:29:10'),
(4, 'fa', 'کامران امیری', 'فروشگاه امیری', 'اسلام اباد کرمان', '09913815237', 'اسلام آباد استان کرمان', 'سلام اینجانب به دلیل موقعیت کاری که دارم و محصولات دیگر درحال پخش هستن محصول وبرند شماهم دوست داریم به محصولات خود اضافه کنیم', '2021-12-01 02:40:02', '2018-10-06 10:29:10', '2018-10-06 10:29:10'),
(5, 'fa', 'امین رجا', 'پخش شخصی', 'رشت', '09394702179', 'گیلان رشت یخسازی کوچه خجسته ساختمان توحید', '', '2021-12-01 02:40:02', '2018-10-12 10:29:10', '2018-10-12 10:29:10'),
(6, 'fa', 'ناصر قانعيان', 'پخش قانعيان', 'اصفهان', '09132055367', 'اصفهان خ امام خميني', '', '2021-12-01 02:40:02', '2018-10-27 10:29:10', '2018-10-27 10:29:10'),
(7, 'fa', 'پبمان بشارت', 'صادر کننده', 'پیرانشهر', '09120392072', 'پیرانشهر', 'صادرات به عراق', '2021-12-01 02:40:02', '2018-11-04 10:29:10', '2018-11-04 10:29:10'),
(8, 'fa', 'محسن برنجی', 'آریا پخش', 'کرج', '09129326007', 'کرج بازار ولیعصر', 'جهت استان البرز', '2021-12-01 02:40:02', '2018-11-25 10:29:10', '2018-11-25 10:29:10'),
(9, 'fa', 'مرتضی عیدی', 'بازرگانی آواپخش اسپادانا', 'اصفهان', '09133692234', 'بلوار شفق روبه روی شهرک شهید عباسپور کوچه زاینده رود یک', '', '2021-12-01 02:40:02', '2018-12-03 10:29:10', '2018-12-03 10:29:10'),
(10, 'fa', 'میثم نقی زاده', 'پخش ازاد', 'اراک', '09185242006', 'اراو', '', '2021-12-01 02:40:02', '2018-12-06 10:29:10', '2018-12-06 10:29:10'),
(11, 'en', 'ALI', 'MOHAMADI', 'SHAHRYAR', '09193603594', 'A', '', '2021-12-01 02:40:02', '2018-12-15 10:29:10', '2018-12-15 10:29:10'),
(12, 'fa', 'رامین غیاثوند قیصری', 'پخش سیار هستم', 'قزوین', '09193811233', 'قزوین خ نواب شمالی کوچه 62 پ11', '', '2021-12-01 02:40:02', '2018-12-31 10:29:10', '2018-12-31 10:29:10'),
(13, 'fa', 'یوسف فکری', 'ایدا پخش', 'اردبیل', '09143511608', 'اردبیل بزرگراه شهدا بالاتر از چهارراه حافظ ساختمان اکسون طبقه 4 تلفن33722983', 'ایدا پخش نماینگی انحصاری چای زرین و ادامس اوینا ایران زاک. و سس دلپذیر و نماینگی شرکت بهنوش ایران', '2021-12-01 02:40:02', '2019-01-09 10:29:10', '2019-01-09 10:29:10'),
(14, 'fa', 'ریبوار محمدی', 'پخش ریبوار', 'سردشت', '09146355100', 'اذربایجان غربی شهرستان سردشت', '', '2021-12-01 02:40:02', '2019-01-13 10:29:10', '2019-01-13 10:29:10'),
(15, 'fa', 'رضا اسلامی', 'پخش ممتاز', 'خدابنده زنجان', '09128774699', 'خیابان صیاد شیرازی خیابان یادگار امام', 'پخش مویرگی هستیم . حدود 6 سال سابقه فعالیت داریم .', '2021-12-01 02:40:02', '2019-01-26 10:29:10', '2019-01-26 10:29:10'),
(16, 'fa', 'کاظم منفرد', 'فراپخش نوین', 'شیراز', '09173196400', 'شیراز ناحیه صنعتی گویم', 'درخواست عاملیت فروش.', '2021-12-01 02:40:02', '2019-01-29 10:29:10', '2019-01-29 10:29:10'),
(17, 'fa', 'مهدی حجتی', 'پخش من و شما', 'تربت حیدریه', '09157672298', 'استان خراسان رضوی _ شهرستان تربت حیدریه _ تقاطع خیابان قائم و بلوار مدرس مواد غذایی حجتی', 'با عرض سلام\\r\\nمدت ۶ سال مشغول به پخش مویرگی هستم\\r\\nدر خدمت شما هستم\\r\\n\\r\\n با تشکر', '2021-12-01 02:40:02', '2019-02-08 10:29:10', '2019-02-08 10:29:10'),
(18, 'en', 'EllGlizef', 'EllGlizef', 'Tangier', '81293913674', 'ellsicy@zmail.website', 'Cephalexin And The Treatment Of Mrsa Viagra 100mg Angebot <a href=http://cthosts.net>cheapest cialis</a> Levitra Nebenwirkungen Forum', '2021-12-01 02:40:02', '2019-04-15 09:29:10', '2019-04-15 09:29:10'),
(19, 'fa', 'مجید رحیمی', 'پخش سروش مهر', 'اسلامشهر', '09362900203', 'اسلامشهر.شهرک توحید', 'با سلام اینجانب با مشخصات بالا خوشحال میشم که در زمینه\\r\\n فروش با یکدیگر همکاری بکنیم.', '2021-12-01 02:40:02', '2019-04-27 09:29:10', '2019-04-27 09:29:10'),
(20, 'fa', 'مهدی کهدویی', 'پخش سعادت یزد', 'یزد', '09132527339', 'یزد .امامشهر .بلوار شیخ کلینی .بن بست رسا', 'با عرض سلام و خسته نباشید\\r\\nمیخواستم نمایندگی محصولاتتون رو بگیرم\\r\\nلطفا راهنماییم کنید.', '2021-12-01 02:40:02', '2019-05-01 09:29:10', '2019-05-01 09:29:10'),
(21, 'fa', 'سعید اوج طلب', 'بازرگانی باران', 'رشت', '09119351300', 'رشت انتهای دیوار فرودگاه بازرگانی (پخش مواد غذایی )باران', 'با سلام و عرض ادب و احترام \\r\\nدرباره محصولات و شرایط پرداخت اطلاع بیشتری نیاز دارم \\r\\nدر رشت نماینده دیگری دارید ؟', '2021-12-01 02:40:02', '2019-05-05 09:29:10', '2019-05-05 09:29:10'),
(22, 'fa', 'مصطفی عبدالمحمدی', 'انبار', 'شهرستان شهریار', '09377807866', 'وحیدیه', 'لطفا تماس بگیرید..', '2021-12-01 02:40:02', '2019-05-10 09:29:10', '2019-05-10 09:29:10'),
(23, 'fa', 'مجید رحیمی', 'پخش سروش مهر', 'اسلامشهر', '09362900203', 'اسلامشهر.شهرک توحید', '', '2021-12-01 02:40:02', '2019-05-17 09:29:10', '2019-05-17 09:29:10'),
(24, 'fa', 'وحید محمدی', 'پخش مواد غذایی ولیعصر', 'اصفهان', '09132325605', 'اصفهان نجف اباد نبش خیابان فارابی', '', '2021-12-01 02:40:02', '2019-05-21 09:29:10', '2019-05-21 09:29:10'),
(25, 'fa', 'سلمان غلامی', 'شاهین گستر غلامی', 'تربت حیدریه', '09152510351', 'خراسان رضوی تربت حیدریه', 'سلام \\r\\nبنده نمایشگاه غرفه تون حضور پیدا کردم فرم مشخصات هم پر کردم میخواستم شرایط کارتون  رو بدونم ببینم میشه باهم همکاری داشته باشیم\\r\\nسپاس', '2021-12-01 02:40:02', '2019-08-12 09:29:10', '2019-08-12 09:29:10'),
(26, 'fa', 'شهرام محمدنژاد', 'تالیا شهد', 'تبریز', '09331009753', 'تبریز .چهار راه ابوریحان.شرکت تالیا پخش', '', '2021-12-01 02:40:02', '2019-08-12 09:29:10', '2019-08-12 09:29:10'),
(27, 'en', 'Stevster', 'Stevster', 'Avarua', '89719692748', 'stevshek@insite.pw', 'Canadianhealthcaemall How To Buy Clomid On Line  &lt;a href=http://allngos.com&gt;&lt;/a&gt; Free Online Sample Viagra Cialis Allemagne', '2021-12-01 02:40:02', '2019-08-27 09:29:10', '2019-08-27 09:29:10'),
(28, 'fa', 'یاسر وقاری', 'وقاری', 'هادیشهر', '09147587596', 'هادیشهر، شهرک فرهنگیان', 'با سلام و خسته نباشید،  بنده در کار پخش مواد غذایی هستم و نمایندگی پخش میخواستم', '2021-12-01 02:40:02', '2019-09-13 09:29:10', '2019-09-13 09:29:10'),
(29, 'fa', 'ابراهيم شايگان مهر', 'بوير تجارت زاگرس', 'ياسوج', '09129174962', 'ياسوج.شهرك صنعتي فاز يك.بلوار صنعت.شرقي ٧', 'با سلام\\r\\nشركت پخش بوير تحارت زاگرس با سابقه طولاني در زمينه پخش مواد غذايي و بهداشتي آمادگي همكاري با آن شركت محترم را در استان كهگيلويه و بوير احمد دارد.\\r\\nبا تشكر', '2021-12-01 02:40:02', '2019-10-02 10:29:10', '2019-10-02 10:29:10'),
(30, 'fa', 'صلاح الدین عزیزیان', 'بازرگانی هیرا', 'ارومیه', '09144483515', 'ارومیه بلوار سربازان گمنام تقاطع مخابرات برج جواهر طبقه 7 واحد 5', 'با عنایت به حسن شهرت در سطح شهر امکان فروش در سطح گسترده وجود دارد', '2021-12-01 02:40:02', '2019-10-07 10:29:10', '2019-10-07 10:29:10'),
(31, 'fa', 'محمد کاظم حمیدی پور', 'یکتا پخش کویر', 'یزد', '09133585034', 'یزد شهرستان یزد میدان امام علی', 'جهت اخذ نمایندگی در استان یزد و حومه در صورت صلاحدید', '2021-12-01 02:40:02', '2019-11-06 10:29:10', '2019-11-06 10:29:10'),
(32, 'fa', 'داود محمودی', 'پخش دانیال', 'اصفهان', '09139337665', 'اصفهان شهرک ولیعصر خیابان استاد شهریار', 'پخش فعال عرقیجات، فرآورده کنجدی و ارده و محصولات غذایی', '2021-12-01 02:40:02', '2019-11-14 10:29:10', '2019-11-14 10:29:10'),
(33, 'fa', 'احمدپورکان', 'شرکت پخش ستارگان شرق', 'ایرانشهر', '09362849540', 'ایرانشهر -شهردراز', '', '2021-12-01 02:40:02', '2019-11-25 10:29:10', '2019-11-25 10:29:10'),
(34, 'fa', 'امیر جلیلوند', 'فروشگاه جام جم', 'تویسرکان', '09187072620', 'خیابان با هنر مجتمع تجاری طوطیا', 'متقاضی دریافت نمایندگی میباشم', '2021-12-01 02:40:02', '2019-12-17 10:29:10', '2019-12-17 10:29:10'),
(35, 'fa', 'مهدی فولادی', 'پخش یکه چین', 'خراسان جنوبی بیرجند', '09157405747', 'بیرجند شهرک صنعتی فاز ۳ مبتکران ۷', '', '2021-12-01 02:40:02', '2019-12-18 10:29:10', '2019-12-18 10:29:10'),
(36, 'fa', 'میلاد ناصری', 'پخش کیک اریا', 'قزوین', '09192825840', 'قزوین مهرگان بلوار امام حسین', '', '2021-12-01 02:40:02', '2020-01-04 10:29:10', '2020-01-04 10:29:10'),
(37, 'en', 'Stepmoock', 'Stepmoock', 'Duverge', '83975915875', 'stepfam@mitchl.xyz', 'Retin A  &lt;a href=http://cialibuy.com/#&gt;best generic cialis&lt;/a&gt; Buy 5mg Cialis Online  &lt;a href=http://cialibuy.com/#&gt;buy online cialis&lt;/a&gt; Kamagra Eu', '2021-12-01 02:40:02', '2020-03-29 09:29:10', '2020-03-29 09:29:10'),
(38, 'en', 'EdyclilsoB', 'EdyclilsoB', 'Yangon', '85917476131', 'edyStugs@brownl.xyz', 'Drugs Onn Line  https://buyciallisonline.com/# - Cialis Wirkung Viagra Pfizer  &lt;a href=https://buyciallisonline.com/#&gt;cialis 5mg best price&lt;/a&gt; Cialis One Day Quanto Costa', '2021-12-01 02:40:02', '2020-03-30 09:29:10', '2020-03-30 09:29:10'),
(39, 'fa', 'سپیده آقایی اقدم', 'پخش آنیل', 'مشهد', '09213735064', 'مشهد اتوبان کلانتری خیابان طرحچی نرسیده به بهار', 'پخش در آب معدنی و حبوبات', '2021-12-01 02:40:02', '2020-04-04 09:29:10', '2020-04-04 09:29:10'),
(40, 'en', 'Stevster', 'Stevster', 'Avarua', '83479648989', 'stevshek@belan.space', 'Cialis Funcionamiento  http://cialibuy.com/# - Cialis Propecia Scotland  &lt;a href=http://cialibuy.com/#&gt;Cialis&lt;/a&gt; Cash On Delivery Real Hydrochlorothiazide Internet Shop Without Perscription', '2021-12-01 02:40:02', '2020-04-11 09:29:10', '2020-04-11 09:29:10'),
(41, 'en', 'EdyclilsoB', 'EdyclilsoB', 'Yangon', '88265136114', 'edyStugs@brownl.xyz', 'Alternative Zu Cialis  https://buyciallisonline.com/# - Cialis Plavix Online Prices  &lt;a href=https://buyciallisonline.com/#&gt;cialis prescription online&lt;/a&gt; Cost Of Generic Sildenafil', '2021-12-01 02:40:02', '2020-04-12 09:29:10', '2020-04-12 09:29:10'),
(42, 'fa', 'مصطفی باجلان', 'طاها', 'قشم', '۰۹۱۲۴۵۸۹۹۱۰', 'قشم طولادمفتح ۷', 'درخواست نمایندگی', '2021-12-01 02:40:02', '2020-04-15 09:29:10', '2020-04-15 09:29:10'),
(43, 'en', 'Stevster', 'Stevster', 'Avarua', '85952188172', 'stevshek@belan.space', 'Viagra Generique Acheter  https://abcialisnews.com/# - online cialis pharmacy Cialis Generico Dove  &lt;a href=https://abcialisnews.com/#&gt;generic cialis cost&lt;/a&gt; Inacid Retard', '2021-12-01 02:40:02', '2020-04-17 09:29:10', '2020-04-17 09:29:10'),
(44, 'en', 'EdyclilsoB', 'EdyclilsoB', 'Yangon', '88428835671', 'edyStugs@brownl.xyz', 'Venta Cialis En Andorra  https://buycialisuss.com/# - Buy Cialis Suche Viagra Zu Kaufen  &lt;a href=https://buycialisuss.com/#&gt;Cialis&lt;/a&gt; Acquistare Cialis Generico Con Postepay', '2021-12-01 02:40:02', '2020-04-17 09:29:10', '2020-04-17 09:29:10'),
(45, 'fa', 'وحید هدایتی پور', 'پخش حوا', 'دزفول', '۰۹۱۶۶۴۳۸۷۵۹', 'دزفول خ خیبر', 'جهت خرید بصورت نقدی عمده', '2021-12-01 02:40:02', '2020-04-28 09:29:10', '2020-04-28 09:29:10'),
(46, 'fa', 'اکبرسیدی', 'فروشگاه و پخش مواد غذایی سعیدی', 'یاسوج', '۰۹۲۲۶۶۷۲۴۲۷', 'یاسوج خ دهراب پور', 'با سلام و خسته نباشید بار میخوام برا پخش استان کهگلویه ...تقاضای همکاری دارم در صورت قیمت مناسب و کیفیت خوب ... با تشک', '2021-12-01 02:40:02', '2020-05-20 09:29:10', '2020-05-20 09:29:10'),
(47, 'fa', 'رحمان البویلال', 'شرکت پخش عرفان جنوب', 'اهواز', '۰۹۳۵۷۲۰۳۵۷۵', 'اهواز کمپلوی شمالی', '', '2021-12-01 02:40:02', '2020-07-02 09:29:10', '2020-07-02 09:29:10'),
(48, 'fa', 'محمد طاهر محمدی', 'پخش مواد غذایی ارشین', 'روانسر', '۰۹۱۸۸۳۳۵۶۴۳', 'کرمانشاه روانسر', '', '2021-12-01 02:40:02', '2020-07-04 09:29:10', '2020-07-04 09:29:10'),
(49, 'fa', 'احمد زارعی', 'پخش آفتاب', 'چغادک', '09171749263', 'استان بوشهر،شهر چغادک،خیابان اصلی', 'سلام\\r\\nمایل به اخذ نمایندگی محصولات شما در استان بوشهر هستیم', '2021-12-01 02:40:02', '2020-07-11 09:29:10', '2020-07-11 09:29:10'),
(50, 'fa', 'حمیدرضا عقیلی', 'جدید', 'اصفهان', '09371515575', 'استان اصفهان-شهر اصفهان-سپاهان شهر-بلوار غدیر-خیابان خوارزمی ۲-خیابان فرشته-خیابان نوا-کوچه نیلوفر پلاک ۶۶ ( منزل سوم سمت چپ )', '', '2021-12-01 02:40:02', '2020-07-19 09:29:10', '2020-07-19 09:29:10'),
(51, 'fa', 'امیر هنرمند', 'هنرمند', 'گیلان.رشت', '۰۹۳۵۴۶۳۹۴۵۵', 'گیلان .رشت', 'اخذ نمایندگی در استان گیلان شهر رشت امکان پذیر است.با تشکر', '2021-12-01 02:40:02', '2020-08-22 09:29:10', '2020-08-22 09:29:10'),
(52, 'fa', 'هوشنک ستوده', 'پخش ستوده', 'رباطکریم', '۰۹۱۲۵۷۶۹۳۳۱', 'بهارستان رباط کریم', 'سلام این شکت تازه تاسیس است لطفا قیمت محصولات و هزینه ارسال را می فرستید \\r\\n \\r\\nبا تشکر ....', '2021-12-01 02:40:02', '2020-09-16 09:29:10', '2020-09-16 09:29:10'),
(53, 'fa', 'مصطفی شفیعی ثابت', 'شرکت پخش نیکو', 'گیلان - استانه اشرفیه', '09113417701-09369047701', 'استانه - بلوار معین - کوچه شهید تقی پور - بن بست دوم', '', '2021-12-01 02:40:02', '2020-10-03 10:29:10', '2020-10-03 10:29:10'),
(54, 'fa', 'میلاد ناصری', 'پخش پاسارگاد', 'قزوین', '۰۹۱۹۲۸۲۵۸۴۰', 'قزوین محمدیه منطقه ۶ روبروی دادگستری پخش پاسارگاد', 'من قبلا هم با شما تماس داشتم و قیمت روزتون رو میخوام که انشالله باهم بتونیم کار کنیم', '2021-12-01 02:40:02', '2020-10-05 10:29:10', '2020-10-05 10:29:10'),
(55, 'fa', 'محمد حیدری', 'شرکت پخش حیدری', 'آبش احمد', '۰۹۱۴۸۳۱۸۴۱۷', 'تبریز شهرستان کلیبر بخش آبش احمد', 'اگه قسمت بشه میخوام محصولاتتونو در منطقه ای ارس باران و شهرستان هوراند و کلیبر پخش کنم ب سوپر مارکت ها', '2021-12-01 02:40:02', '2020-10-25 10:29:10', '2020-10-25 10:29:10'),
(56, 'fa', 'سید معروف حسینی', 'فروشگاه مبین', 'بوکان', '09038682955', 'بوکان خ ساحلی ‌ نبش کوچه ساحل 3', '', '2021-12-01 02:40:02', '2021-02-05 10:29:10', '2021-02-05 10:29:10'),
(57, 'fa', 'مهدی قزلجه', 'پخش برادران قزلجه', 'گنبد کاووس', '09192461046', 'گنبد کاووس خیابان ۱۲ دی غربی نبش خیابان مختوم', 'پخش مویرگی و بوفه مدارس', '2021-12-01 02:40:02', '2021-02-11 10:29:10', '2021-02-11 10:29:10'),
(58, 'fa', 'محمد قاسمی', 'شرکت پخش پارس حیات', 'همدان', '09188190740 /09018322571', 'همدان ابتدای ابشینه مجتمع برادران بابایی', 'درخواست نمایندگی\\r\\nمحمد قاسمی \\r\\n09188190740\\r\\n09018322571\\r\\nمرتضی قاسمی \\r\\n09188114225', '2021-12-01 02:40:02', '2021-02-14 10:29:10', '2021-02-14 10:29:10'),
(59, 'fa', 'علیرضا سیلاوی', 'شرکت بازرگانی نوید سازه هور', 'اهواز', '۰۹۳۹۵۷۹۴۹۷۰', 'اهواز کمپلوشمالی خیابان اصلی انقلاب نبش امیرکبیر جنب بانک آینده پلاک ۳۲۹شرکت بازرگانی نوید سازه هور', 'باسلام وعرض ادب و احترام خدمت مدیرت شرکت تولیدکننده محصولات کیک\\r\\nاینجانب به عنوان یک صادرکننده دراستان خوزستان درخواست همکاری باشرکت فوق الذکر را دارم', '2021-12-01 02:40:02', '2021-02-14 10:29:10', '2021-02-14 10:29:10'),
(60, 'fa', 'سعید ایران شاهی', 'شرکت ایران پخش', 'کرج', '09102963729', 'کرج میدان شهدا خیابان فروغی کوچه شهید آقایی میعاد دو پلاک ۹۲', 'با سلام\\r\\nفوق لیسانس حقوق خصوصی و متاهل هستم.\\r\\nپخش به صورت ویزیتوری و مویرگی در سطح شهر انجام خواهد شد با لطف خدا', '2021-12-01 02:40:02', '2021-02-23 10:29:10', '2021-02-23 10:29:10'),
(61, 'fa', 'مسلم مرادی', 'پخش متین', 'شیراز وشهرستانهای اطراف', '09179217680', 'شیراز شهرک نیایش خیابان شهید مصدقی', '', '2021-12-01 02:40:02', '2021-03-07 10:29:10', '2021-03-07 10:29:10'),
(62, 'fa', 'حسن محبی راد', 'آذرخش پخش پرواز', 'تهران', '02166084096', 'تهران خیابان آزادی خیابان شادمهر پ 1 طبقه 4 واحد 1', 'مدیریت محترم مجموعه ویک \\r\\nباسلام \\r\\nاحتراما باستحضار می رساند شرکت پرواز متقاضی در یافت نمایندگی جهت استان تهران از آن مجموعه محترم میباشد . خواهشمند است در صورت امکان شرایط اعطای نمایندگی را اعلام فرمایید .', '2021-12-01 02:40:02', '2021-03-07 10:29:10', '2021-03-07 10:29:10'),
(63, 'en', 'Yaman', 'Evarom', 'Turkey, Istanbul', '+90 542 377 25 93', 'Kartal Istanbul', 'Evarom is one of the leading premix producers in the industry which focuses on vitamins, minerals, and functional food components. As Evarom, we are working on special projects and food enrichment by preparing vitamin and mineral premixes.', '2021-12-01 02:40:02', '2021-04-11 09:29:10', '2021-04-11 09:29:10'),
(64, 'fa', 'احمد غلامی', 'شیراز', 'شیراز', '09170658487', 'بلوار فرصت شیرازی خیابان فاضل', 'شرایط گرفتن نمایندگی', '2021-12-01 02:40:02', '2021-05-07 09:29:10', '2021-05-07 09:29:10'),
(65, 'en', 'Enlicle', 'Enlicle', 'Ennis', '88871729732', 'Freltheri@sqmail.xyz', '&lt;a href=http://ponlinecialisk.com/&gt;tadalafil cialis from india', '2021-12-01 02:40:02', '2021-05-17 09:29:10', '2021-05-17 09:29:10'),
(66, 'en', 'Enlicle', 'Enlicle', 'Ennis', '84597526396', 'Freltheri@sqmail.xyz', '&lt;a href=http://vslasixv.com&gt;united pharmacy lasix no precrcription', '2021-12-01 02:40:02', '2021-06-04 09:29:10', '2021-06-04 09:29:10'),
(67, 'en', 'Enlicle', 'Enlicle', 'Ennis', '82785232912', 'Freltheri@sqmail.xyz', '&lt;a href=https://clomidset.com/&gt;buy clomiphene online&lt;/a&gt;', '2021-12-01 02:40:02', '2021-06-20 09:29:10', '2021-06-20 09:29:10'),
(68, 'fa', 'عباس کرمی', 'پخش بهار', 'شیراز', '09362361859', 'شیراز شهرک دستغیب خیابان زیتون', 'درود \\r\\nخداقوت\\r\\nاز شما درخواست نمایندگی شیراز رو دارم و  نقدی خرید میکنم و بر اصول اخلاقی و انسانی کار پایبندم', '2021-12-01 02:40:02', '2021-07-04 09:29:10', '2021-07-04 09:29:10'),
(69, 'fa', 'بهزاد صالحی', 'پخش غذایی', 'اراک', '09189877235', 'اراک', 'شرایط نمایندگی', '2021-12-01 02:40:02', '2021-07-08 09:29:10', '2021-07-08 09:29:10'),
(70, 'fa', 'رضا کرنکیش', 'صداقت', 'شهرستان میرجاوه', '09903879530', 'میرجاوه خیابان انقلاب روبه روی میدان سفیر', 'سلام اينجا درخواست اعطای نمایندگی شهرستان میرجاوه و صادرات رو برای پاکستان درخواست میکنم', '2021-12-01 02:40:02', '2021-07-18 09:29:10', '2021-07-18 09:29:10'),
(71, 'fa', 'رامین حقی', 'اذربایجان', 'اردبیل', '۰۹۱۴۹۶۶۸۸۰۶', 'اردبیل', 'میخوام برن شمارو تو اردبیل پخش کنم', '2021-12-01 02:40:02', '2021-07-29 09:29:10', '2021-07-29 09:29:10'),
(72, 'en', 'Enlicle', 'Enlicle', 'Ennis', '84752639782', 'Freltheri@sqmail.xyz', '&lt;a href=https://cialiswwshop.com/&gt;best cialis online&lt;/a&gt;', '2021-12-01 02:40:02', '2021-08-11 09:29:10', '2021-08-11 09:29:10'),
(73, 'en', 'İT.İHR.LTD.ŞTİ', 'TEBAŞ GROUP', 'İZMİR', '+902327990006', 'İTOB OSB EKREM DEMİRTAŞ CD.NO:39 MENDERES', 'Hello there\\r\\n\\r\\nWe produce aluminum printed and unprinted cans for all beverages\\r\\nwe want to work with you\\r\\nWe are waiting for you to reply to us.\\r\\n\\r\\nOur price for 250 ml aluminum can is as follows.', '2021-12-01 02:40:02', '2021-08-12 09:29:10', '2021-08-12 09:29:10'),
(74, 'fa', 'باقر میرزایی', 'برساد پخش نوش', 'بم.ریگان .فهرج', '09130471714', 'استان کرمان شهرستان بم.', '', '2021-12-01 02:40:02', '2021-08-30 09:29:10', '2021-08-30 09:29:10'),
(75, 'fa', 'حسن یحیی پور', 'قایم', 'تهران', '09355299524', 'تهران منطقه 15', 'جهت پخش محصولات', '2021-12-01 02:40:02', '2021-10-24 10:29:10', '2021-10-24 10:29:10'),
(76, 'fa', 'سینا احمدی', 'فروشگاه تک', 'همدان', '۰۹۹۲۱۱۸۵۷۲۰', 'همدان جوادیه', '', '2021-12-01 02:40:02', '2021-10-27 10:29:10', '2021-10-27 10:29:10'),
(77, 'fa', 'رضا سوری', 'پاکان', 'همدان', '۰۹۱۸۹۵۴۶۴۶۷', 'همدان باباطاهر جنب پارک لاله', 'انبار ۱۵۰ متر\\r\\nسرمایه ۱۵۰میلیون\\r\\nوانت مسقف \\r\\n۳ نفر نیروی کار \\r\\nسابقه ۳ سال فروشندگی \\r\\nسابقه ۶ ماه پخش گرم', '2021-12-01 02:40:02', '2021-11-26 10:29:10', '2021-11-26 10:29:10'),
(78, 'fa', 'رضا پارسایی', 'گلرنگ', 'بابل', '00124446789', 'خیابان شریعتی کوچه 7', 'شرکت تولیدی مواد غذایی ویک تولید کننده محصولات ویک , کریشنا , احلام می‌باشد. دعوت به همکاری شرکت ویک جهت گسترش فروش محصولات خود اقدام به جذب نمایندگی فروش و پخش در کل کشور و همچنین خارج از کشور می‌نماید.', NULL, '2021-12-01 03:19:51', '2021-12-01 03:19:51');

-- --------------------------------------------------------

--
-- Table structure for table `roles`
--

CREATE TABLE `roles` (
  `id` bigint(20) UNSIGNED NOT NULL,
  `name` varchar(32) COLLATE utf8mb4_unicode_ci NOT NULL,
  `label` varchar(64) COLLATE utf8mb4_unicode_ci DEFAULT NULL
) ENGINE=InnoDB DEFAULT CHARSET=utf8mb4 COLLATE=utf8mb4_unicode_ci;

--
-- Dumping data for table `roles`
--

INSERT INTO `roles` (`id`, `name`, `label`) VALUES
(1, 'مدیر ارشد', 'مدیریت تمام امکانات'),
(2, 'کارگزینی', 'خواندن استخدامی ها');

-- --------------------------------------------------------

--
-- Table structure for table `role_user`
--

CREATE TABLE `role_user` (
  `role_id` bigint(20) UNSIGNED NOT NULL,
  `user_id` bigint(20) UNSIGNED NOT NULL
) ENGINE=InnoDB DEFAULT CHARSET=utf8mb4 COLLATE=utf8mb4_unicode_ci;

--
-- Dumping data for table `role_user`
--

INSERT INTO `role_user` (`role_id`, `user_id`) VALUES
(1, 2),
(2, 3);

-- --------------------------------------------------------

--
-- Table structure for table `sessions`
--

CREATE TABLE `sessions` (
  `id` varchar(255) COLLATE utf8mb4_unicode_ci NOT NULL,
  `user_id` bigint(20) UNSIGNED DEFAULT NULL,
  `ip_address` varchar(45) COLLATE utf8mb4_unicode_ci DEFAULT NULL,
  `user_agent` text COLLATE utf8mb4_unicode_ci DEFAULT NULL,
  `payload` text COLLATE utf8mb4_unicode_ci NOT NULL,
  `last_activity` int(11) NOT NULL
) ENGINE=InnoDB DEFAULT CHARSET=utf8mb4 COLLATE=utf8mb4_unicode_ci;

--
-- Dumping data for table `sessions`
--

INSERT INTO `sessions` (`id`, `user_id`, `ip_address`, `user_agent`, `payload`, `last_activity`) VALUES
('xuGqU9imM9WKkELPwTfVGxXa7l1w5c2Fg8QhGxEY', 1, '127.0.0.1', 'Mozilla/5.0 (Windows NT 6.1; Win64; x64) AppleWebKit/537.36 (KHTML, like Gecko) Chrome/96.0.4664.45 Safari/537.36', 'YTo2OntzOjY6Il90b2tlbiI7czo0MDoidnhHV3B4YkJ3dkZpdW0wTXVBSVluTXlWN29yQllkVWx3SXdiMFIxYSI7czo2OiJfZmxhc2giO2E6Mjp7czozOiJvbGQiO2E6MDp7fXM6MzoibmV3IjthOjA6e319czo5OiJfcHJldmlvdXMiO2E6MTp7czozOiJ1cmwiO3M6MzU6Imh0dHA6Ly9sb2NhbGhvc3Q6ODAwMC9hZG1pbi9wcm9maWxlIjt9czo1MDoibG9naW5fd2ViXzU5YmEzNmFkZGMyYjJmOTQwMTU4MGYwMTRjN2Y1OGVhNGUzMDk4OWQiO2k6MTtzOjE3OiJwYXNzd29yZF9oYXNoX3dlYiI7czo2MDoiJDJ5JDEwJEg2SjRYVlNZNjNLUGNRVXJvelpFZU9JYzFLQWhSOFlienIvWDc3dnhUUDE3Y0xlYXpBN3ZxIjtzOjIxOiJwYXNzd29yZF9oYXNoX3NhbmN0dW0iO3M6NjA6IiQyeSQxMCRINko0WFZTWTYzS1BjUVVyb3paRWVPSWMxS0FoUjhZYnpyL1g3N3Z4VFAxN2NMZWF6QTd2cSI7fQ==', 1638356927);

-- --------------------------------------------------------

--
-- Table structure for table `settings`
--

CREATE TABLE `settings` (
  `id` bigint(20) UNSIGNED NOT NULL,
  `app_name` varchar(128) COLLATE utf8mb4_unicode_ci NOT NULL,
  `dollar` varchar(128) COLLATE utf8mb4_unicode_ci NOT NULL,
  `allow_comment` tinyint(1) NOT NULL DEFAULT 1 COMMENT 'Close comments in products section',
  `allow_email` tinyint(1) NOT NULL DEFAULT 1 COMMENT 'In the Contact Us section, sending an email will be closed',
  `created_at` timestamp NULL DEFAULT NULL,
  `updated_at` timestamp NULL DEFAULT NULL
) ENGINE=InnoDB DEFAULT CHARSET=utf8mb4 COLLATE=utf8mb4_unicode_ci;

--
-- Dumping data for table `settings`
--

INSERT INTO `settings` (`id`, `app_name`, `dollar`, `allow_comment`, `allow_email`, `created_at`, `updated_at`) VALUES
(1, 'ویک', '200000', 1, 0, '2021-12-01 03:30:16', '2021-12-01 03:30:16');

-- --------------------------------------------------------

--
-- Table structure for table `teams`
--

CREATE TABLE `teams` (
  `id` bigint(20) UNSIGNED NOT NULL,
  `user_id` bigint(20) UNSIGNED NOT NULL,
  `name` varchar(255) COLLATE utf8mb4_unicode_ci NOT NULL,
  `personal_team` tinyint(1) NOT NULL,
  `created_at` timestamp NULL DEFAULT NULL,
  `updated_at` timestamp NULL DEFAULT NULL
) ENGINE=InnoDB DEFAULT CHARSET=utf8mb4 COLLATE=utf8mb4_unicode_ci;

--
-- Dumping data for table `teams`
--

INSERT INTO `teams` (`id`, `user_id`, `name`, `personal_team`, `created_at`, `updated_at`) VALUES
(1, 1, 'رضا\'s Team', 1, '2021-11-30 05:10:52', '2021-11-30 05:10:52');

-- --------------------------------------------------------

--
-- Table structure for table `team_invitations`
--

CREATE TABLE `team_invitations` (
  `id` bigint(20) UNSIGNED NOT NULL,
  `team_id` bigint(20) UNSIGNED NOT NULL,
  `email` varchar(255) COLLATE utf8mb4_unicode_ci NOT NULL,
  `role` varchar(255) COLLATE utf8mb4_unicode_ci DEFAULT NULL,
  `created_at` timestamp NULL DEFAULT NULL,
  `updated_at` timestamp NULL DEFAULT NULL
) ENGINE=InnoDB DEFAULT CHARSET=utf8mb4 COLLATE=utf8mb4_unicode_ci;

-- --------------------------------------------------------

--
-- Table structure for table `team_user`
--

CREATE TABLE `team_user` (
  `id` bigint(20) UNSIGNED NOT NULL,
  `team_id` bigint(20) UNSIGNED NOT NULL,
  `user_id` bigint(20) UNSIGNED NOT NULL,
  `role` varchar(255) COLLATE utf8mb4_unicode_ci DEFAULT NULL,
  `created_at` timestamp NULL DEFAULT NULL,
  `updated_at` timestamp NULL DEFAULT NULL
) ENGINE=InnoDB DEFAULT CHARSET=utf8mb4 COLLATE=utf8mb4_unicode_ci;

-- --------------------------------------------------------

--
-- Table structure for table `users`
--

CREATE TABLE `users` (
  `id` bigint(20) UNSIGNED NOT NULL,
  `name` varchar(255) COLLATE utf8mb4_unicode_ci NOT NULL,
  `email` varchar(255) COLLATE utf8mb4_unicode_ci NOT NULL,
  `is_super_admin` tinyint(1) NOT NULL DEFAULT 0,
  `email_verified_at` timestamp NULL DEFAULT NULL,
  `password` varchar(255) COLLATE utf8mb4_unicode_ci NOT NULL,
  `two_factor_secret` text COLLATE utf8mb4_unicode_ci DEFAULT NULL,
  `two_factor_recovery_codes` text COLLATE utf8mb4_unicode_ci DEFAULT NULL,
  `remember_token` varchar(100) COLLATE utf8mb4_unicode_ci DEFAULT NULL,
  `current_team_id` bigint(20) UNSIGNED DEFAULT NULL,
  `profile_photo_path` varchar(2048) COLLATE utf8mb4_unicode_ci DEFAULT NULL,
  `created_at` timestamp NULL DEFAULT NULL,
  `updated_at` timestamp NULL DEFAULT NULL
) ENGINE=InnoDB DEFAULT CHARSET=utf8mb4 COLLATE=utf8mb4_unicode_ci;

--
-- Dumping data for table `users`
--

INSERT INTO `users` (`id`, `name`, `email`, `is_super_admin`, `email_verified_at`, `password`, `two_factor_secret`, `two_factor_recovery_codes`, `remember_token`, `current_team_id`, `profile_photo_path`, `created_at`, `updated_at`) VALUES
(1, 'admin', 'admin@gmail.com', 1, NULL, '$2y$10$H6J4XVSY63KPcQUrozZEeOIc1KAhR8Ybzr/X77vxTP17cLeazA7vq', NULL, NULL, NULL, NULL, 'profile-photos/O0fUaiAR5Pmy5BVYnXLw7qZPRylUAP3fg2owySGK.jpg', '2021-11-30 05:10:52', '2021-12-01 07:09:40'),
(2, 'شاهین شیری', 'shahin@yahoo.com', 0, NULL, '$2y$10$yHUXIbH8aIPgUZI6gqZ7wue8PZWoCr1Opj.TY3dU9wDtzWgSp4dbe', NULL, NULL, NULL, NULL, NULL, '2021-12-01 03:27:43', '2021-12-01 03:27:43'),
(3, 'منصور نوری', 'mansor@yahoo.com', 0, NULL, '$2y$10$v7Q6MHKLARpPzfKVJTfkUewh17C/EywGx8ceZBtY30B80jq.xjxT.', NULL, NULL, NULL, NULL, NULL, '2021-12-01 03:28:55', '2021-12-01 03:28:55');

-- --------------------------------------------------------

--
-- Table structure for table `websockets_statistics_entries`
--

CREATE TABLE `websockets_statistics_entries` (
  `id` int(10) UNSIGNED NOT NULL,
  `app_id` varchar(255) COLLATE utf8mb4_unicode_ci NOT NULL,
  `peak_connection_count` int(11) NOT NULL,
  `websocket_message_count` int(11) NOT NULL,
  `api_message_count` int(11) NOT NULL,
  `created_at` timestamp NULL DEFAULT NULL,
  `updated_at` timestamp NULL DEFAULT NULL
) ENGINE=InnoDB DEFAULT CHARSET=utf8mb4 COLLATE=utf8mb4_unicode_ci;

--
-- Indexes for dumped tables
--

--
-- Indexes for table `categories`
--
ALTER TABLE `categories`
  ADD PRIMARY KEY (`id`);

--
-- Indexes for table `comments`
--
ALTER TABLE `comments`
  ADD PRIMARY KEY (`id`),
  ADD KEY `comments_parent_id_foreign` (`parent_id`),
  ADD KEY `comments_product_id_foreign` (`product_id`);

--
-- Indexes for table `contacts`
--
ALTER TABLE `contacts`
  ADD PRIMARY KEY (`id`),
  ADD KEY `contacts_parent_id_foreign` (`parent_id`);

--
-- Indexes for table `employments`
--
ALTER TABLE `employments`
  ADD PRIMARY KEY (`id`);

--
-- Indexes for table `failed_jobs`
--
ALTER TABLE `failed_jobs`
  ADD PRIMARY KEY (`id`),
  ADD UNIQUE KEY `failed_jobs_uuid_unique` (`uuid`);

--
-- Indexes for table `licenses`
--
ALTER TABLE `licenses`
  ADD KEY `licenses_username_index` (`username`);

--
-- Indexes for table `likes`
--
ALTER TABLE `likes`
  ADD PRIMARY KEY (`id`),
  ADD KEY `likes_product_id_index` (`product_id`),
  ADD KEY `likes_ip_address_index` (`ip_address`);

--
-- Indexes for table `migrations`
--
ALTER TABLE `migrations`
  ADD PRIMARY KEY (`id`);

--
-- Indexes for table `password_resets`
--
ALTER TABLE `password_resets`
  ADD KEY `password_resets_email_index` (`email`);

--
-- Indexes for table `permissions`
--
ALTER TABLE `permissions`
  ADD PRIMARY KEY (`id`),
  ADD UNIQUE KEY `permissions_name_unique` (`name`);

--
-- Indexes for table `permission_role`
--
ALTER TABLE `permission_role`
  ADD PRIMARY KEY (`permission_id`,`role_id`),
  ADD KEY `permission_role_role_id_foreign` (`role_id`);

--
-- Indexes for table `permission_user`
--
ALTER TABLE `permission_user`
  ADD PRIMARY KEY (`permission_id`,`user_id`),
  ADD KEY `permission_user_user_id_foreign` (`user_id`);

--
-- Indexes for table `personal_access_tokens`
--
ALTER TABLE `personal_access_tokens`
  ADD PRIMARY KEY (`id`),
  ADD UNIQUE KEY `personal_access_tokens_token_unique` (`token`),
  ADD KEY `personal_access_tokens_tokenable_type_tokenable_id_index` (`tokenable_type`,`tokenable_id`);

--
-- Indexes for table `products`
--
ALTER TABLE `products`
  ADD PRIMARY KEY (`id`),
  ADD KEY `products_category_id_foreign` (`category_id`);

--
-- Indexes for table `representations`
--
ALTER TABLE `representations`
  ADD PRIMARY KEY (`id`);

--
-- Indexes for table `roles`
--
ALTER TABLE `roles`
  ADD PRIMARY KEY (`id`),
  ADD UNIQUE KEY `roles_name_unique` (`name`);

--
-- Indexes for table `role_user`
--
ALTER TABLE `role_user`
  ADD PRIMARY KEY (`role_id`,`user_id`),
  ADD KEY `role_user_user_id_foreign` (`user_id`);

--
-- Indexes for table `sessions`
--
ALTER TABLE `sessions`
  ADD PRIMARY KEY (`id`),
  ADD KEY `sessions_user_id_index` (`user_id`),
  ADD KEY `sessions_last_activity_index` (`last_activity`);

--
-- Indexes for table `settings`
--
ALTER TABLE `settings`
  ADD PRIMARY KEY (`id`);

--
-- Indexes for table `teams`
--
ALTER TABLE `teams`
  ADD PRIMARY KEY (`id`),
  ADD KEY `teams_user_id_index` (`user_id`);

--
-- Indexes for table `team_invitations`
--
ALTER TABLE `team_invitations`
  ADD PRIMARY KEY (`id`),
  ADD UNIQUE KEY `team_invitations_team_id_email_unique` (`team_id`,`email`);

--
-- Indexes for table `team_user`
--
ALTER TABLE `team_user`
  ADD PRIMARY KEY (`id`),
  ADD UNIQUE KEY `team_user_team_id_user_id_unique` (`team_id`,`user_id`);

--
-- Indexes for table `users`
--
ALTER TABLE `users`
  ADD PRIMARY KEY (`id`),
  ADD UNIQUE KEY `users_email_unique` (`email`);

--
-- Indexes for table `websockets_statistics_entries`
--
ALTER TABLE `websockets_statistics_entries`
  ADD PRIMARY KEY (`id`);

--
-- AUTO_INCREMENT for dumped tables
--

--
-- AUTO_INCREMENT for table `categories`
--
ALTER TABLE `categories`
  MODIFY `id` bigint(20) UNSIGNED NOT NULL AUTO_INCREMENT, AUTO_INCREMENT=6;

--
-- AUTO_INCREMENT for table `comments`
--
ALTER TABLE `comments`
  MODIFY `id` bigint(20) UNSIGNED NOT NULL AUTO_INCREMENT, AUTO_INCREMENT=6;

--
-- AUTO_INCREMENT for table `contacts`
--
ALTER TABLE `contacts`
  MODIFY `id` bigint(20) UNSIGNED NOT NULL AUTO_INCREMENT, AUTO_INCREMENT=2;

--
-- AUTO_INCREMENT for table `employments`
--
ALTER TABLE `employments`
  MODIFY `id` bigint(20) UNSIGNED NOT NULL AUTO_INCREMENT, AUTO_INCREMENT=174;

--
-- AUTO_INCREMENT for table `failed_jobs`
--
ALTER TABLE `failed_jobs`
  MODIFY `id` bigint(20) UNSIGNED NOT NULL AUTO_INCREMENT;

--
-- AUTO_INCREMENT for table `likes`
--
ALTER TABLE `likes`
  MODIFY `id` bigint(20) UNSIGNED NOT NULL AUTO_INCREMENT, AUTO_INCREMENT=47;

--
-- AUTO_INCREMENT for table `migrations`
--
ALTER TABLE `migrations`
  MODIFY `id` int(10) UNSIGNED NOT NULL AUTO_INCREMENT, AUTO_INCREMENT=21;

--
-- AUTO_INCREMENT for table `permissions`
--
ALTER TABLE `permissions`
  MODIFY `id` bigint(20) UNSIGNED NOT NULL AUTO_INCREMENT, AUTO_INCREMENT=29;

--
-- AUTO_INCREMENT for table `personal_access_tokens`
--
ALTER TABLE `personal_access_tokens`
  MODIFY `id` bigint(20) UNSIGNED NOT NULL AUTO_INCREMENT;

--
-- AUTO_INCREMENT for table `products`
--
ALTER TABLE `products`
  MODIFY `id` bigint(20) UNSIGNED NOT NULL AUTO_INCREMENT, AUTO_INCREMENT=76;

--
-- AUTO_INCREMENT for table `representations`
--
ALTER TABLE `representations`
  MODIFY `id` bigint(20) UNSIGNED NOT NULL AUTO_INCREMENT, AUTO_INCREMENT=79;

--
-- AUTO_INCREMENT for table `roles`
--
ALTER TABLE `roles`
  MODIFY `id` bigint(20) UNSIGNED NOT NULL AUTO_INCREMENT, AUTO_INCREMENT=3;

--
-- AUTO_INCREMENT for table `settings`
--
ALTER TABLE `settings`
  MODIFY `id` bigint(20) UNSIGNED NOT NULL AUTO_INCREMENT, AUTO_INCREMENT=2;

--
-- AUTO_INCREMENT for table `teams`
--
ALTER TABLE `teams`
  MODIFY `id` bigint(20) UNSIGNED NOT NULL AUTO_INCREMENT, AUTO_INCREMENT=2;

--
-- AUTO_INCREMENT for table `team_invitations`
--
ALTER TABLE `team_invitations`
  MODIFY `id` bigint(20) UNSIGNED NOT NULL AUTO_INCREMENT;

--
-- AUTO_INCREMENT for table `team_user`
--
ALTER TABLE `team_user`
  MODIFY `id` bigint(20) UNSIGNED NOT NULL AUTO_INCREMENT;

--
-- AUTO_INCREMENT for table `users`
--
ALTER TABLE `users`
  MODIFY `id` bigint(20) UNSIGNED NOT NULL AUTO_INCREMENT, AUTO_INCREMENT=4;

--
-- AUTO_INCREMENT for table `websockets_statistics_entries`
--
ALTER TABLE `websockets_statistics_entries`
  MODIFY `id` int(10) UNSIGNED NOT NULL AUTO_INCREMENT;

--
-- Constraints for dumped tables
--

--
-- Constraints for table `comments`
--
ALTER TABLE `comments`
  ADD CONSTRAINT `comments_parent_id_foreign` FOREIGN KEY (`parent_id`) REFERENCES `comments` (`id`) ON DELETE CASCADE,
  ADD CONSTRAINT `comments_product_id_foreign` FOREIGN KEY (`product_id`) REFERENCES `products` (`id`) ON DELETE CASCADE;

--
-- Constraints for table `contacts`
--
ALTER TABLE `contacts`
  ADD CONSTRAINT `contacts_parent_id_foreign` FOREIGN KEY (`parent_id`) REFERENCES `contacts` (`id`) ON DELETE CASCADE;

--
-- Constraints for table `likes`
--
ALTER TABLE `likes`
  ADD CONSTRAINT `likes_product_id_foreign` FOREIGN KEY (`product_id`) REFERENCES `products` (`id`) ON DELETE CASCADE;

--
-- Constraints for table `permission_role`
--
ALTER TABLE `permission_role`
  ADD CONSTRAINT `permission_role_permission_id_foreign` FOREIGN KEY (`permission_id`) REFERENCES `permissions` (`id`) ON DELETE CASCADE,
  ADD CONSTRAINT `permission_role_role_id_foreign` FOREIGN KEY (`role_id`) REFERENCES `roles` (`id`) ON DELETE CASCADE;

--
-- Constraints for table `permission_user`
--
ALTER TABLE `permission_user`
  ADD CONSTRAINT `permission_user_permission_id_foreign` FOREIGN KEY (`permission_id`) REFERENCES `permissions` (`id`) ON DELETE CASCADE,
  ADD CONSTRAINT `permission_user_user_id_foreign` FOREIGN KEY (`user_id`) REFERENCES `users` (`id`) ON DELETE CASCADE;

--
-- Constraints for table `products`
--
ALTER TABLE `products`
  ADD CONSTRAINT `products_category_id_foreign` FOREIGN KEY (`category_id`) REFERENCES `categories` (`id`) ON DELETE SET NULL;

--
-- Constraints for table `role_user`
--
ALTER TABLE `role_user`
  ADD CONSTRAINT `role_user_role_id_foreign` FOREIGN KEY (`role_id`) REFERENCES `roles` (`id`) ON DELETE CASCADE,
  ADD CONSTRAINT `role_user_user_id_foreign` FOREIGN KEY (`user_id`) REFERENCES `users` (`id`) ON DELETE CASCADE;

--
-- Constraints for table `team_invitations`
--
ALTER TABLE `team_invitations`
  ADD CONSTRAINT `team_invitations_team_id_foreign` FOREIGN KEY (`team_id`) REFERENCES `teams` (`id`) ON DELETE CASCADE;
COMMIT;

/*!40101 SET CHARACTER_SET_CLIENT=@OLD_CHARACTER_SET_CLIENT */;
/*!40101 SET CHARACTER_SET_RESULTS=@OLD_CHARACTER_SET_RESULTS */;
/*!40101 SET COLLATION_CONNECTION=@OLD_COLLATION_CONNECTION */;
